id,type,facility,x,y,group,earliest_start,latest_start,max_duration,min_duration
6960025,education,450352,2571430,1186971,1,84,276,120,2
6682853,education,380849,2571458,1189133,1,84,276,120,2
7082595,education,370107,2575916,1191020,1,84,276,120,2
6682482,education,380332,2576304,1185284,1,84,276,120,2
6682186,education,375697,2569734,1192310,1,84,276,120,2
6681895,education,380332,2576304,1185284,1,84,276,120,2
6682799,education,375697,2569734,1192310,1,84,276,120,2
6682045,education,382576,2570980,1191815,1,84,276,120,2
6681618,education,377155,2577784,1183910,1,84,276,120,2
6682521,education,377255,2561744,1185833,1,84,276,120,2
6976225,education,377159,2577930,1184036,1,84,276,120,2
6948687,education,377255,2561744,1185833,1,84,276,120,2
6682558,education,382431,2576304,1190422,1,84,276,120,2
6682016,education,313980,2562008,1184975,1,84,276,120,2
6946267,education,375697,2569734,1192310,1,84,276,120,2
7090646,education,379776,2572034,1192548,1,84,276,120,2
6682768,education,376646,2575936,1196944,1,84,276,120,2
6940248,education,450352,2571430,1186971,1,84,276,120,2
7128622,education,375697,2569734,1192310,1,84,276,120,2
6682899,education,382537,2569734,1192310,1,84,276,120,2
6682450,education,380332,2576304,1185284,1,84,276,120,2
6459200,education,380332,2576304,1185284,1,84,276,120,2
6682824,education,380301,2577812,1186419,1,84,276,120,2
6960025,education,450352,2571430,1186971,1,84,276,120,2
6681841,education,313980,2562008,1184975,1,84,276,120,2
6681881,education,382576,2570980,1191815,1,84,276,120,2
7123712,education,376646,2575936,1196944,1,84,276,120,2
6681566,education,375697,2569734,1192310,1,84,276,120,2
7046280,education,380301,2577812,1186419,1,84,276,120,2
6682969,education,380332,2576304,1185284,1,84,276,120,2
7092571,education,380332,2576304,1185284,1,84,276,120,2
6682302,education,375697,2569734,1192310,1,84,276,120,2
6682289,education,382537,2569734,1192310,1,84,276,120,2
6682016,education,313980,2562008,1184975,1,84,276,120,2
6681959,education,376648,2579444,1193487,1,84,276,120,2
6938110,education,381922,2567712,1190524,1,84,276,120,2
6940930,education,379241,2577788,1186390,1,84,276,120,2
6681769,education,379776,2572034,1192548,1,84,276,120,2
6986383,education,382431,2576304,1190422,1,84,276,120,2
6682803,education,375697,2569734,1192310,1,84,276,120,2
6681635,education,450352,2571430,1186971,1,84,276,120,2
7026958,education,377155,2577784,1183910,1,84,276,120,2
6682812,education,375697,2569734,1192310,1,84,276,120,2
6682632,education,376646,2575936,1196944,1,84,276,120,2
6682541,education,380332,2576304,1185284,1,84,276,120,2
6682926,education,381921,2567684,1190696,1,84,276,120,2
6682045,education,382576,2570980,1191815,1,84,276,120,2
6681969,education,382537,2569734,1192310,1,84,276,120,2
6682172,education,375697,2569734,1192310,1,84,276,120,2
6458928,education,380332,2576304,1185284,1,84,276,120,2
6681735,education,377255,2561744,1185833,1,84,276,120,2
6326352,education,380301,2577812,1186419,1,84,276,120,2
7107377,education,375697,2569734,1192310,1,84,276,120,2
6681724,education,375697,2569734,1192310,1,84,276,120,2
6682310,education,376648,2579444,1193487,1,84,276,120,2
7030310,education,375697,2569734,1192310,1,84,276,120,2
7074629,education,377255,2561744,1185833,1,84,276,120,2
6682107,education,375697,2569734,1192310,1,84,276,120,2
6945052,education,377255,2561744,1185833,1,84,276,120,2
7102965,education,381921,2567684,1190696,1,84,276,120,2
6923719,education,370107,2575916,1191020,1,84,276,120,2
6961832,education,376646,2575936,1196944,1,84,276,120,2
6326562,education,380332,2576304,1185284,1,84,276,120,2
6682237,education,375697,2569734,1192310,1,84,276,120,2
6682520,education,375697,2569734,1192310,1,84,276,120,2
6682973,education,376646,2575936,1196944,1,84,276,120,2
6682196,education,375697,2569734,1192310,1,84,276,120,2
6682775,education,375697,2569734,1192310,1,84,276,120,2
6326485,education,379243,2577788,1186390,1,84,276,120,2
6458733,education,380301,2577812,1186419,1,84,276,120,2
6682235,education,376648,2579444,1193487,1,84,276,120,2
6681632,education,377155,2577784,1183910,1,84,276,120,2
6682520,education,375697,2569734,1192310,1,84,276,120,2
7020202,education,375697,2569734,1192310,1,84,276,120,2
6962865,education,380332,2576304,1185284,1,84,276,120,2
7058042,education,370107,2575916,1191020,1,84,276,120,2
6681670,education,375697,2569734,1192310,1,84,276,120,2
7022276,education,382576,2570980,1191815,1,84,276,120,2
6682063,education,375697,2569734,1192310,1,84,276,120,2
6682269,education,376646,2575936,1196944,1,84,276,120,2
6682244,education,377155,2577784,1183910,1,84,276,120,2
6981972,education,370107,2575916,1191020,1,84,276,120,2
6953096,education,381921,2567684,1190696,1,84,276,120,2
6959507,education,375697,2569734,1192310,1,84,276,120,2
7022276,education,382576,2570980,1191815,1,84,276,120,2
6681783,education,377153,2567840,1190762,1,84,276,120,2
6682360,education,375697,2569734,1192310,1,84,276,120,2
6682803,education,375697,2569734,1192310,1,84,276,120,2
6948689,education,379241,2577788,1186390,1,84,276,120,2
7030807,education,379241,2577788,1186390,1,84,276,120,2
6682728,education,375697,2569734,1192310,1,84,276,120,2
7123994,education,381921,2567684,1190696,1,84,276,120,2
6682227,education,375697,2569734,1192310,1,84,276,120,2
6621278,education,370107,2575916,1191020,1,84,276,120,2
7041835,education,377255,2561744,1185833,1,84,276,120,2
7064423,education,377155,2577784,1183910,1,84,276,120,2
6946268,education,380332,2576304,1185284,1,84,276,120,2
6964371,education,377255,2561744,1185833,1,84,276,120,2
6682035,education,377159,2577930,1184036,1,84,276,120,2
6925591,education,376648,2579444,1193487,1,84,276,120,2
6682773,education,370107,2575916,1191020,1,84,276,120,2
7123994,education,381921,2567684,1190696,1,84,276,120,2
7034711,education,375697,2569734,1192310,1,84,276,120,2
7055206,education,380835,2577788,1186390,1,84,276,120,2
6984506,education,375697,2569734,1192310,1,84,276,120,2
6989414,education,382576,2570980,1191815,1,84,276,120,2
6682433,education,375697,2569734,1192310,1,84,276,120,2
6960025,education,450352,2571430,1186971,1,84,276,120,2
7027609,education,375697,2569734,1192310,1,84,276,120,2
6681607,education,377155,2577784,1183910,1,84,276,120,2
6682326,education,379776,2572034,1192548,1,84,276,120,2
7026957,education,377159,2577930,1184036,1,84,276,120,2
7043044,education,375697,2569734,1192310,1,84,276,120,2
7059711,education,375697,2569734,1192310,1,84,276,120,2
6682326,education,379776,2572034,1192548,1,84,276,120,2
6682719,education,377255,2561744,1185833,1,84,276,120,2
7093030,education,380332,2576304,1185284,1,84,276,120,2
7047683,education,375697,2569734,1192310,1,84,276,120,2
6682926,education,381921,2567684,1190696,1,84,276,120,2
6681577,education,381921,2567684,1190696,1,84,276,120,2
6681727,education,375697,2569734,1192310,1,84,276,120,2
6682944,education,376646,2575936,1196944,1,84,276,120,2
6682799,education,375697,2569734,1192310,1,84,276,120,2
6987644,education,313980,2562008,1184975,1,84,276,120,2
6682441,education,375697,2569734,1192310,1,84,276,120,2
6946265,education,382537,2569734,1192310,1,84,276,120,2
6934005,education,377153,2567840,1190762,1,84,276,120,2
6934157,education,376646,2575936,1196944,1,84,276,120,2
6682084,education,381922,2567712,1190524,1,84,276,120,2
7090607,education,380332,2576304,1185284,1,84,276,120,2
7062209,education,377155,2577784,1183910,1,84,276,120,2
6681969,education,382537,2569734,1192310,1,84,276,120,2
7076614,education,375697,2569734,1192310,1,84,276,120,2
6936153,education,375697,2569734,1192310,1,84,276,120,2
7094367,education,375697,2569734,1192310,1,84,276,120,2
6682953,education,381921,2567684,1190696,1,84,276,120,2
6682554,education,380332,2576304,1185284,1,84,276,120,2
6682388,education,376646,2575936,1196944,1,84,276,120,2
6682024,education,377155,2577784,1183910,1,84,276,120,2
7102963,education,382537,2569734,1192310,1,84,276,120,2
6681588,education,375697,2569734,1192310,1,84,276,120,2
6682138,education,375697,2569734,1192310,1,84,276,120,2
6459178,education,380332,2576304,1185284,1,84,276,120,2
6930233,education,380332,2576304,1185284,1,84,276,120,2
6681880,education,375697,2569734,1192310,1,84,276,120,2
6682602,education,377155,2577784,1183910,1,84,276,120,2
7022275,education,375697,2569734,1192310,1,84,276,120,2
6938110,education,381922,2567712,1190524,1,84,276,120,2
7030310,education,375697,2569734,1192310,1,84,276,120,2
7040064,education,382431,2576304,1190422,1,84,276,120,2
6917535,education,375697,2569734,1192310,1,84,276,120,2
7043363,education,375697,2569734,1192310,1,84,276,120,2
7030309,education,450352,2571430,1186971,1,84,276,120,2
6600311,education,377155,2577784,1183910,1,84,276,120,2
6682494,education,379241,2577788,1186390,1,84,276,120,2
6681967,education,380332,2576304,1185284,1,84,276,120,2
6682367,education,375697,2569734,1192310,1,84,276,120,2
7133032,education,377155,2577784,1183910,1,84,276,120,2
6682763,education,380332,2576304,1185284,1,84,276,120,2
6682261,education,376646,2575936,1196944,1,84,276,120,2
6682031,education,375697,2569734,1192310,1,84,276,120,2
6682426,education,375697,2569734,1192310,1,84,276,120,2
6938098,education,379243,2577788,1186390,1,84,276,120,2
6681828,education,375697,2569734,1192310,1,84,276,120,2
6682953,education,381921,2567684,1190696,1,84,276,120,2
6682473,education,375697,2569734,1192310,1,84,276,120,2
6682884,education,377155,2577784,1183910,1,84,276,120,2
6661902,education,313980,2562008,1184975,1,84,276,120,2
7026958,education,377155,2577784,1183910,1,84,276,120,2
6431926,education,377159,2577930,1184036,1,84,276,120,2
6681587,education,375697,2569734,1192310,1,84,276,120,2
6681895,education,380332,2576304,1185284,1,84,276,120,2
6682153,education,376646,2575936,1196944,1,84,276,120,2
6682853,education,380849,2571458,1189133,1,84,276,120,2
6682396,education,377153,2567840,1190762,1,84,276,120,2
7037611,education,375697,2569734,1192310,1,84,276,120,2
6987644,education,313980,2562008,1184975,1,84,276,120,2
7080373,education,381921,2567684,1190696,1,84,276,120,2
6989418,education,381921,2567684,1190696,1,84,276,120,2
6987645,education,376646,2575936,1196944,1,84,276,120,2
6682002,education,375697,2569734,1192310,1,84,276,120,2
6917536,education,382576,2570980,1191815,1,84,276,120,2
6682415,education,375697,2569734,1192310,1,84,276,120,2
7102964,education,382576,2570980,1191815,1,84,276,120,2
7082595,education,370107,2575916,1191020,1,84,276,120,2
7029900,education,382576,2570980,1191815,1,84,276,120,2
6917535,education,375697,2569734,1192310,1,84,276,120,2
6682722,education,376648,2579444,1193487,1,84,276,120,2
7112272,education,377159,2577930,1184036,1,84,276,120,2
6459287,education,380835,2577788,1186390,1,84,276,120,2
6954664,education,382431,2576304,1190422,1,84,276,120,2
6616833,education,377153,2567840,1190762,1,84,276,120,2
7102963,education,382537,2569734,1192310,1,84,276,120,2
6942440,education,381921,2567684,1190696,1,84,276,120,2
7047685,education,377255,2561744,1185833,1,84,276,120,2
7026957,education,377159,2577930,1184036,1,84,276,120,2
6682265,education,376648,2579444,1193487,1,84,276,120,2
6681647,education,377155,2577784,1183910,1,84,276,120,2
7105780,education,380849,2571458,1189133,1,84,276,120,2
7123306,education,375697,2569734,1192310,1,84,276,120,2
7112272,education,377159,2577930,1184036,1,84,276,120,2
6933424,education,375697,2569734,1192310,1,84,276,120,2
7080570,education,370107,2575916,1191020,1,84,276,120,2
7087263,education,381922,2567712,1190524,1,84,276,120,2
7030306,education,375697,2569734,1192310,1,84,276,120,2
6428157,education,380332,2576304,1185284,1,84,276,120,2
7102965,education,381921,2567684,1190696,1,84,276,120,2
6459262,education,380332,2576304,1185284,1,84,276,120,2
6682579,education,377153,2567840,1190762,1,84,276,120,2
6682546,education,370107,2575916,1191020,1,84,276,120,2
6973321,education,377153,2567840,1190762,1,84,276,120,2
6970263,education,381921,2567684,1190696,1,84,276,120,2
7073600,education,377159,2577930,1184036,1,84,276,120,2
6978197,education,382431,2576304,1190422,1,84,276,120,2
6936150,education,375697,2569734,1192310,1,84,276,120,2
6643905,education,380332,2576304,1185284,1,84,276,120,2
6681582,education,381921,2567684,1190696,1,84,276,120,2
6682479,education,370107,2575916,1191020,1,84,276,120,2
6681685,education,380301,2577812,1186419,1,84,276,120,2
6682184,education,377153,2567840,1190762,1,84,276,120,2
6682724,education,375697,2569734,1192310,1,84,276,120,2
6917536,education,382576,2570980,1191815,1,84,276,120,2
6681959,education,376648,2579444,1193487,1,84,276,120,2
7055621,education,375697,2569734,1192310,1,84,276,120,2
6326467,education,380332,2576304,1185284,1,84,276,120,2
6682900,education,375697,2569734,1192310,1,84,276,120,2
6681880,education,375697,2569734,1192310,1,84,276,120,2
6682952,education,375697,2569734,1192310,1,84,276,120,2
6682080,education,381922,2567712,1190524,1,84,276,120,2
7030306,education,375697,2569734,1192310,1,84,276,120,2
7093029,education,377153,2567840,1190762,1,84,276,120,2
6681664,education,377159,2577930,1184036,1,84,276,120,2
6682755,education,375697,2569734,1192310,1,84,276,120,2
7015160,education,375697,2569734,1192310,1,84,276,120,2
6989418,education,381921,2567684,1190696,1,84,276,120,2
6682046,education,375697,2569734,1192310,1,84,276,120,2
6920425,education,377679,2577388,1184855,1,84,276,120,2
6682708,education,375697,2569734,1192310,1,84,276,120,2
6682502,education,377153,2567840,1190762,1,84,276,120,2
6682858,education,375697,2569734,1192310,1,84,276,120,2
6459286,education,380332,2576304,1185284,1,84,276,120,2
6682521,education,377255,2561744,1185833,1,84,276,120,2
6682460,education,375697,2569734,1192310,1,84,276,120,2
6682711,education,375697,2569734,1192310,1,84,276,120,2
7132615,education,375697,2569734,1192310,1,84,276,120,2
7048904,education,375697,2569734,1192310,1,84,276,120,2
6682719,education,377255,2561744,1185833,1,84,276,120,2
7087267,education,381922,2567712,1190524,1,84,276,120,2
6682418,education,379776,2572034,1192548,1,84,276,120,2
6682510,education,381921,2567684,1190696,1,84,276,120,2
7121306,education,377155,2577784,1183910,1,84,276,120,2
6682206,education,313980,2562008,1184975,1,84,276,120,2
6682464,education,382431,2576304,1190422,1,84,276,120,2
7047685,education,377255,2561744,1185833,1,84,276,120,2
6682235,education,376648,2579444,1193487,1,84,276,120,2
6930232,education,382537,2569734,1192310,1,84,276,120,2
6973320,education,381921,2567684,1190696,1,84,276,120,2
6922706,education,381921,2567684,1190696,1,84,276,120,2
6682716,education,377255,2561744,1185833,1,84,276,120,2
7073602,education,380332,2576304,1185284,1,84,276,120,2
6681659,education,313980,2562008,1184975,1,84,276,120,2
7087263,education,381922,2567712,1190524,1,84,276,120,2
6326601,education,380332,2576304,1185284,1,84,276,120,2
6640179,education,380835,2577788,1186390,1,84,276,120,2
7058042,education,370107,2575916,1191020,1,84,276,120,2
6682497,education,381921,2567684,1190696,1,84,276,120,2
6681618,education,377155,2577784,1183910,1,84,276,120,2
6955827,education,380835,2577788,1186390,1,84,276,120,2
6601747,education,379776,2572034,1192548,1,84,276,120,2
6682247,education,450352,2571430,1186971,1,84,276,120,2
6326487,education,380835,2577788,1186390,1,84,276,120,2
7090646,education,379776,2572034,1192548,1,84,276,120,2
7080573,education,377159,2577930,1184036,1,84,276,120,2
6973321,education,377153,2567840,1190762,1,84,276,120,2
6682441,education,375697,2569734,1192310,1,84,276,120,2
7080573,education,377159,2577930,1184036,1,84,276,120,2
6682795,education,382537,2569734,1192310,1,84,276,120,2
6682859,education,375697,2569734,1192310,1,84,276,120,2
7074631,education,381921,2567684,1190696,1,84,276,120,2
7057871,education,380332,2576304,1185284,1,84,276,120,2
6682494,education,379241,2577788,1186390,1,84,276,120,2
6984506,education,375697,2569734,1192310,1,84,276,120,2
6603049,education,377155,2577784,1183910,1,84,276,120,2
7043043,education,375697,2569734,1192310,1,84,276,120,2
6681861,education,375697,2569734,1192310,1,84,276,120,2
6681757,education,376646,2575936,1196944,1,84,276,120,2
6682415,education,375697,2569734,1192310,1,84,276,120,2
6682564,education,376646,2575936,1196944,1,84,276,120,2
6682454,education,375697,2569734,1192310,1,84,276,120,2
7030310,education,375697,2569734,1192310,1,84,276,120,2
7063815,education,381921,2567684,1190696,1,84,276,120,2
6934157,education,376646,2575936,1196944,1,84,276,120,2
7112270,education,377155,2577784,1183910,1,84,276,120,2
7107377,education,375697,2569734,1192310,1,84,276,120,2
6682952,education,375697,2569734,1192310,1,84,276,120,2
6682289,education,382537,2569734,1192310,1,84,276,120,2
6682453,education,377153,2567840,1190762,1,84,276,120,2
6682515,education,375697,2569734,1192310,1,84,276,120,2
6682124,education,375697,2569734,1192310,1,84,276,120,2
6681881,education,382576,2570980,1191815,1,84,276,120,2
6961832,education,376646,2575936,1196944,1,84,276,120,2
7071811,education,376646,2575936,1196944,1,84,276,120,2
7059328,education,370107,2575916,1191020,1,84,276,120,2
6681822,education,375697,2569734,1192310,1,84,276,120,2
6682697,education,375697,2569734,1192310,1,84,276,120,2
6682708,education,375697,2569734,1192310,1,84,276,120,2
6682084,education,381922,2567712,1190524,1,84,276,120,2
6458993,education,380332,2576304,1185284,1,84,276,120,2
6682243,education,382537,2569734,1192310,1,84,276,120,2
6681587,education,375697,2569734,1192310,1,84,276,120,2
6954922,education,377255,2561744,1185833,1,84,276,120,2
6682473,education,375697,2569734,1192310,1,84,276,120,2
6681722,education,375697,2569734,1192310,1,84,276,120,2
6681787,education,382431,2576304,1190422,1,84,276,120,2
6459185,leisure,449648,2569834,1192143,3,84,276,120,2
6326393,leisure,15716,2593462,1179400,3,84,276,120,2
6458998,leisure,463298,2569750,1191983,3,84,276,120,2
6682391,leisure,667054,2569566,1192120,3,84,276,120,2
6682133,leisure,64547,2567690,1193133,3,84,276,120,2
6998474,leisure,527948,2569842,1193028,3,84,276,120,2
6326482,leisure,285825,2567380,1192543,3,84,276,120,2
6440144,leisure,665263,2571954,1187399,3,84,276,120,2
6458773,leisure,625441,2568080,1190993,3,84,276,120,2
6611523,leisure,221625,2567566,1190832,3,84,276,120,2
6682887,leisure,670495,2573744,1185658,3,84,276,120,2
6682333,leisure,374450,2577620,1191781,3,84,276,120,2
6922346,leisure,197191,2576078,1196503,3,84,276,120,2
7004482,leisure,111926,2600862,1199630,3,84,276,120,2
6948687,leisure,183124,2562892,1180625,3,84,276,120,2
6682018,leisure,376733,2569996,1192407,3,84,276,120,2
6682468,leisure,331116,2565830,1192432,3,84,276,120,2
6459111,leisure,463298,2569750,1191983,3,84,276,120,2
6326627,leisure,333028,2573052,1190384,3,84,276,120,2
6458958,leisure,147340,2566590,1177629,3,84,276,120,2
6326711,leisure,64547,2567690,1193133,3,84,276,120,2
6459014,leisure,670495,2573744,1185658,3,84,276,120,2
6326678,leisure,585879,2567576,1190733,3,84,276,120,2
6682091,leisure,654027,2558616,1203425,3,84,276,120,2
6682346,leisure,92967,2569760,1191831,3,84,276,120,2
6682196,leisure,376733,2569996,1192407,3,84,276,120,2
6436716,leisure,394205,2571118,1191562,3,84,276,120,2
6434674,leisure,206206,2567742,1190525,3,84,276,120,2
7131863,leisure,485119,2569474,1191854,3,84,276,120,2
6681581,leisure,669228,2575716,1197058,3,84,276,120,2
6459108,leisure,453130,2571642,1186797,3,84,276,120,2
6682379,leisure,446072,2569636,1192066,3,84,276,120,2
6459086,leisure,207313,2577330,1194176,3,84,276,120,2
7094540,leisure,441602,2565274,1188838,3,84,276,120,2
7089835,leisure,171360,2588106,1184481,3,84,276,120,2
6920425,leisure,108154,2578392,1185174,3,84,276,120,2
6682245,leisure,667054,2569566,1192120,3,84,276,120,2
6954521,leisure,93125,2569534,1192500,3,84,276,120,2
6326541,leisure,588487,2562558,1186017,3,84,276,120,2
6326553,leisure,163154,2599224,1202440,3,84,276,120,2
6682532,leisure,394205,2571118,1191562,3,84,276,120,2
6920423,leisure,394205,2571118,1191562,3,84,276,120,2
6614638,leisure,206206,2567742,1190525,3,84,276,120,2
6682247,leisure,665263,2571954,1187399,3,84,276,120,2
6681859,leisure,210246,2600786,1199787,3,84,276,120,2
6601747,leisure,231915,2570248,1192993,3,84,276,120,2
6326638,leisure,8950,2567876,1192999,3,84,276,120,2
6459104,leisure,169796,2599914,1198827,3,84,276,120,2
6458997,leisure,43,2572500,1192715,3,84,276,120,2
6681724,leisure,394205,2571118,1191562,3,84,276,120,2
7059711,leisure,552272,2586310,1182659,3,84,276,120,2
6682442,leisure,500538,2664972,1224610,3,84,276,120,2
6934170,leisure,658331,2578306,1183215,3,84,276,120,2
6682663,leisure,87359,2568958,1191930,3,84,276,120,2
6326401,leisure,586486,2566350,1188775,3,84,276,120,2
6682695,leisure,461985,2569626,1192177,3,84,276,120,2
6955201,leisure,669776,2568074,1189900,3,84,276,120,2
7063813,leisure,466500,2563720,1176530,3,84,276,120,2
6682848,leisure,49305,2567968,1192947,3,84,276,120,2
6653900,leisure,614051,2568978,1200372,3,84,276,120,2
6682721,leisure,331116,2565830,1192432,3,84,276,120,2
6682155,leisure,446121,2569666,1192548,3,84,276,120,2
6682259,leisure,42165,2573486,1195911,3,84,276,120,2
6682340,leisure,444353,2569890,1186490,3,84,276,120,2
6459311,leisure,432902,2575758,1201667,3,84,276,120,2
7072352,leisure,628023,2582338,1190480,3,84,276,120,2
6681760,leisure,435420,2567482,1192775,3,84,276,120,2
6326745,leisure,64547,2567690,1193133,3,84,276,120,2
7031375,leisure,285825,2567380,1192543,3,84,276,120,2
6326574,leisure,515750,2565790,1206864,3,84,276,120,2
6982504,leisure,399230,2569430,1189314,3,84,276,120,2
6326742,leisure,527948,2569842,1193028,3,84,276,120,2
6984507,leisure,6835,2578026,1183302,3,84,276,120,2
7024075,leisure,36787,2570026,1192547,3,84,276,120,2
6682445,leisure,428132,2575294,1179694,3,84,276,120,2
6682145,leisure,406276,2576482,1183274,3,84,276,120,2
6682228,leisure,462918,2574370,1196639,3,84,276,120,2
6441615,leisure,93125,2569534,1192500,3,84,276,120,2
6458732,leisure,662544,2557470,1181312,3,84,276,120,2
6682648,leisure,293989,2570342,1194391,3,84,276,120,2
6682689,leisure,394205,2571118,1191562,3,84,276,120,2
6681979,leisure,440539,2567406,1172131,3,84,276,120,2
6682043,leisure,454218,2571934,1189677,3,84,276,120,2
6459218,leisure,566864,2569740,1192274,3,84,276,120,2
6326519,leisure,461526,2563188,1186725,3,84,276,120,2
6682954,leisure,549988,2569758,1192254,3,84,276,120,2
6458817,leisure,399230,2569430,1189314,3,84,276,120,2
7105778,leisure,669776,2568074,1189900,3,84,276,120,2
6443991,leisure,231915,2570248,1192993,3,84,276,120,2
6923723,leisure,446121,2569666,1192548,3,84,276,120,2
7041424,leisure,527948,2569842,1193028,3,84,276,120,2
7020201,leisure,479729,2602658,1187840,3,84,276,120,2
6459022,leisure,485119,2569474,1191854,3,84,276,120,2
6682188,leisure,184194,2574732,1193700,3,84,276,120,2
6326500,leisure,452361,2575254,1191645,3,84,276,120,2
6459357,leisure,206775,2571802,1189682,3,84,276,120,2
6459247,leisure,443832,2559980,1189711,3,84,276,120,2
6458754,leisure,93125,2569534,1192500,3,84,276,120,2
6661903,leisure,625441,2568080,1190993,3,84,276,120,2
6682825,leisure,423952,2569872,1192805,3,84,276,120,2
7068174,leisure,87359,2568958,1191930,3,84,276,120,2
6326584,leisure,338333,2569794,1197486,3,84,276,120,2
6682760,leisure,203607,2569920,1192293,3,84,276,120,2
6459102,leisure,394205,2571118,1191562,3,84,276,120,2
6682425,leisure,669949,2686038,1251569,3,84,276,120,2
6626054,leisure,36787,2570026,1192547,3,84,276,120,2
6459324,leisure,562061,2538128,1188617,3,84,276,120,2
6921080,leisure,87359,2568958,1191930,3,84,276,120,2
6326704,leisure,244471,2569788,1192631,3,84,276,120,2
6458851,leisure,205309,2572376,1194934,3,84,276,120,2
6326456,leisure,376733,2569996,1192407,3,84,276,120,2
6443991,leisure,625441,2568080,1190993,3,84,276,120,2
6642315,leisure,568179,2576418,1190090,3,84,276,120,2
6682116,leisure,527948,2569842,1193028,3,84,276,120,2
6681581,leisure,37914,2575630,1197360,3,84,276,120,2
6681866,leisure,221625,2567566,1190832,3,84,276,120,2
6434814,leisure,394205,2571118,1191562,3,84,276,120,2
7116171,leisure,527948,2569842,1193028,3,84,276,120,2
6458799,leisure,87359,2568958,1191930,3,84,276,120,2
6917370,leisure,633147,2581000,1176936,3,84,276,120,2
6682786,leisure,623276,2579448,1163871,3,84,276,120,2
6458953,leisure,332389,2574698,1181068,3,84,276,120,2
6326526,leisure,464082,2569694,1192622,3,84,276,120,2
6459007,leisure,527948,2569842,1193028,3,84,276,120,2
6682753,leisure,288832,2611076,1175140,3,84,276,120,2
7011198,leisure,396964,2571824,1194913,3,84,276,120,2
6326393,leisure,171340,2578918,1194854,3,84,276,120,2
6682094,leisure,213941,2575670,1214993,3,84,276,120,2
6649547,leisure,87359,2568958,1191930,3,84,276,120,2
7105780,leisure,394205,2571118,1191562,3,84,276,120,2
6682448,leisure,293989,2570342,1194391,3,84,276,120,2
6459063,leisure,219075,2567422,1186503,3,84,276,120,2
6682795,leisure,373833,2576138,1189790,3,84,276,120,2
7040065,leisure,92967,2569760,1191831,3,84,276,120,2
6917537,leisure,485119,2569474,1191854,3,84,276,120,2
6681851,leisure,27269,2539174,1189150,3,84,276,120,2
6682561,leisure,625441,2568080,1190993,3,84,276,120,2
6682538,leisure,92967,2569760,1191831,3,84,276,120,2
6681821,leisure,35519,2569552,1197962,3,84,276,120,2
7034711,leisure,140699,2587226,1205690,3,84,276,120,2
6459332,leisure,129868,2541606,1193429,3,84,276,120,2
6657980,leisure,608465,2564162,1195879,3,84,276,120,2
7058041,leisure,212143,2573076,1199822,3,84,276,120,2
6960025,leisure,439506,2571310,1186857,3,84,276,120,2
6326429,leisure,49305,2567968,1192947,3,84,276,120,2
7077370,leisure,456009,2578834,1186870,3,84,276,120,2
6458794,leisure,606901,2569604,1192164,3,84,276,120,2
6681898,leisure,478635,2568426,1208440,3,84,276,120,2
7054033,leisure,625441,2568080,1190993,3,84,276,120,2
6682237,leisure,93125,2569534,1192500,3,84,276,120,2
6681676,leisure,206775,2571802,1189682,3,84,276,120,2
6682914,leisure,668164,2566390,1177320,3,84,276,120,2
6326568,leisure,376733,2569996,1192407,3,84,276,120,2
7098230,leisure,36787,2570026,1192547,3,84,276,120,2
6326486,leisure,423953,2567422,1190669,3,84,276,120,2
6445884,leisure,36787,2570026,1192547,3,84,276,120,2
6326417,leisure,376733,2569996,1192407,3,84,276,120,2
6682800,leisure,64547,2567690,1193133,3,84,276,120,2
6681788,leisure,42165,2573486,1195911,3,84,276,120,2
6681826,leisure,669776,2568074,1189900,3,84,276,120,2
6326710,leisure,203607,2569920,1192293,3,84,276,120,2
6681778,leisure,79726,2564616,1142387,3,84,276,120,2
6986414,leisure,36471,2574116,1187554,3,84,276,120,2
6682803,leisure,485119,2569474,1191854,3,84,276,120,2
6954103,leisure,394205,2571118,1191562,3,84,276,120,2
6458826,leisure,87359,2568958,1191930,3,84,276,120,2
6682286,leisure,446121,2569666,1192548,3,84,276,120,2
6439761,leisure,92967,2569760,1191831,3,84,276,120,2
6954922,leisure,148638,2569216,1196052,3,84,276,120,2
6447555,leisure,87359,2568958,1191930,3,84,276,120,2
6458979,leisure,660043,2565818,1194918,3,84,276,120,2
6946265,leisure,347769,2568966,1196138,3,84,276,120,2
6682120,leisure,293989,2570342,1194391,3,84,276,120,2
6437200,leisure,43319,2564628,1206740,3,84,276,120,2
6682006,leisure,293989,2570342,1194391,3,84,276,120,2
6651284,leisure,93125,2569534,1192500,3,84,276,120,2
6682949,leisure,43624,2571256,1181384,3,84,276,120,2
6682775,leisure,649789,2580972,1212144,3,84,276,120,2
6682512,leisure,449648,2569834,1192143,3,84,276,120,2
7057449,leisure,527041,2581790,1187268,3,84,276,120,2
6644477,leisure,376733,2569996,1192407,3,84,276,120,2
6681895,leisure,356354,2563300,1186623,3,84,276,120,2
6326745,leisure,449648,2569834,1192143,3,84,276,120,2
6326333,leisure,399230,2569430,1189314,3,84,276,120,2
6946266,leisure,423952,2569872,1192805,3,84,276,120,2
7055756,leisure,87359,2568958,1191930,3,84,276,120,2
7111376,leisure,341811,2554636,1188289,3,84,276,120,2
6326358,leisure,376733,2569996,1192407,3,84,276,120,2
7076614,leisure,390153,2568370,1197078,3,84,276,120,2
6326553,leisure,463298,2569750,1191983,3,84,276,120,2
6682095,leisure,231915,2570248,1192993,3,84,276,120,2
6682139,leisure,640607,2558298,1204361,3,84,276,120,2
6682823,leisure,164767,2574736,1185616,3,84,276,120,2
7082578,leisure,203607,2569920,1192293,3,84,276,120,2
6988492,leisure,228217,2566082,1174021,3,84,276,120,2
6682144,leisure,333028,2573052,1190384,3,84,276,120,2
6682097,leisure,127199,2565570,1206686,3,84,276,120,2
6681881,leisure,394205,2571118,1191562,3,84,276,120,2
6427231,leisure,92967,2569760,1191831,3,84,276,120,2
6968007,leisure,49305,2567968,1192947,3,84,276,120,2
6646117,leisure,87359,2568958,1191930,3,84,276,120,2
7085266,leisure,244471,2569788,1192631,3,84,276,120,2
6459197,leisure,207348,2581016,1208958,3,84,276,120,2
6940248,leisure,456978,2569734,1192596,3,84,276,120,2
7112272,leisure,170228,2577966,1184321,3,84,276,120,2
6681705,leisure,4145,2585986,1212500,3,84,276,120,2
6621157,leisure,423952,2569872,1192805,3,84,276,120,2
6326693,leisure,456978,2569734,1192596,3,84,276,120,2
6682098,leisure,505436,2596642,1199896,3,84,276,120,2
6682660,leisure,507111,2569676,1184997,3,84,276,120,2
6458999,leisure,394205,2571118,1191562,3,84,276,120,2
6326403,leisure,666150,2578504,1182794,3,84,276,120,2
7037611,leisure,93125,2569534,1192500,3,84,276,120,2
6655365,leisure,293989,2570342,1194391,3,84,276,120,2
6326545,leisure,459389,2577000,1183127,3,84,276,120,2
6458919,leisure,36787,2570026,1192547,3,84,276,120,2
6681691,leisure,485119,2569474,1191854,3,84,276,120,2
7003605,leisure,646278,2620646,1199023,3,84,276,120,2
6682247,leisure,613441,2572056,1186893,3,84,276,120,2
6940931,leisure,618806,2578800,1183966,3,84,276,120,2
6639562,leisure,376733,2569996,1192407,3,84,276,120,2
6600113,leisure,203607,2569920,1192293,3,84,276,120,2
6682025,leisure,444353,2569890,1186490,3,84,276,120,2
6612711,leisure,625441,2568080,1190993,3,84,276,120,2
6458901,leisure,350179,2553868,1199738,3,84,276,120,2
6682112,leisure,440051,2566770,1178981,3,84,276,120,2
6326711,leisure,93125,2569534,1192500,3,84,276,120,2
6681961,leisure,441233,2570970,1179207,3,84,276,120,2
6459212,leisure,430455,2577918,1186439,3,84,276,120,2
6459277,leisure,205309,2572376,1194934,3,84,276,120,2
7072361,leisure,102956,2578218,1198000,3,84,276,120,2
6326680,leisure,36787,2570026,1192547,3,84,276,120,2
7027054,leisure,87359,2568958,1191930,3,84,276,120,2
6954102,leisure,203607,2569920,1192293,3,84,276,120,2
6682971,leisure,430922,2568940,1207874,3,84,276,120,2
6682418,leisure,620825,2573022,1193373,3,84,276,120,2
6997283,leisure,527948,2569842,1193028,3,84,276,120,2
6459223,leisure,87359,2568958,1191930,3,84,276,120,2
6459115,leisure,665263,2571954,1187399,3,84,276,120,2
6682557,leisure,454597,2564456,1173582,3,84,276,120,2
6682514,leisure,625441,2568080,1190993,3,84,276,120,2
6681571,leisure,64547,2567690,1193133,3,84,276,120,2
6643559,leisure,36787,2570026,1192547,3,84,276,120,2
6459267,leisure,407223,2567840,1190762,3,84,276,120,2
6326427,leisure,298694,2565762,1189040,3,84,276,120,2
6439848,leisure,36787,2570026,1192547,3,84,276,120,2
6458994,leisure,91772,2569152,1195933,3,84,276,120,2
6681931,leisure,620825,2573022,1193373,3,84,276,120,2
7106137,leisure,350179,2553868,1199738,3,84,276,120,2
6431283,leisure,463298,2569750,1191983,3,84,276,120,2
6681874,leisure,399230,2569430,1189314,3,84,276,120,2
6681841,leisure,197877,2556408,1134411,3,84,276,120,2
6459269,leisure,167539,2586710,1161714,3,84,276,120,2
7128731,leisure,237806,2569716,1192131,3,84,276,120,2
6682123,leisure,276116,2570628,1208882,3,84,276,120,2
7052359,leisure,477974,2550748,1169471,3,84,276,120,2
6623557,leisure,231915,2570248,1192993,3,84,276,120,2
6459029,leisure,376733,2569996,1192407,3,84,276,120,2
7119791,leisure,204638,2590098,1192996,3,84,276,120,2
6682720,leisure,331116,2565830,1192432,3,84,276,120,2
6326306,leisure,625441,2568080,1190993,3,84,276,120,2
6682304,leisure,459341,2576376,1190895,3,84,276,120,2
7058042,leisure,635376,2575962,1191026,3,84,276,120,2
7077370,leisure,207312,2576176,1190285,3,84,276,120,2
6617893,leisure,517360,2549150,1201053,3,84,276,120,2
6681950,leisure,399230,2569430,1189314,3,84,276,120,2
6459007,leisure,485119,2569474,1191854,3,84,276,120,2
6443991,leisure,524266,2571270,1198825,3,84,276,120,2
6934170,leisure,432902,2575758,1201667,3,84,276,120,2
6458908,leisure,37740,2588536,1191249,3,84,276,120,2
6681961,leisure,319596,2576230,1195749,3,84,276,120,2
6458883,leisure,449030,2564656,1181930,3,84,276,120,2
6326576,leisure,334147,2566016,1185054,3,84,276,120,2
6682956,leisure,650810,2568700,1183610,3,84,276,120,2
6681810,leisure,338007,2531386,1186960,3,84,276,120,2
6681660,leisure,507111,2569676,1184997,3,84,276,120,2
6435535,leisure,625441,2568080,1190993,3,84,276,120,2
7094366,leisure,656861,2544992,1181410,3,84,276,120,2
6681826,leisure,586510,2577686,1185552,3,84,276,120,2
6682483,leisure,657460,2554668,1186874,3,84,276,120,2
6682652,leisure,293989,2570342,1194391,3,84,276,120,2
6326641,leisure,610821,2587542,1204095,3,84,276,120,2
6682599,leisure,394205,2571118,1191562,3,84,276,120,2
6682878,leisure,458831,2571766,1192564,3,84,276,120,2
6682700,leisure,342472,2577116,1194579,3,84,276,120,2
6682548,leisure,45104,2670156,1195998,3,84,276,120,2
7094365,leisure,374115,2575650,1193760,3,84,276,120,2
6434897,leisure,634927,2567548,1190716,3,84,276,120,2
6681921,leisure,333028,2573052,1190384,3,84,276,120,2
6954103,leisure,462918,2574370,1196639,3,84,276,120,2
6681677,leisure,221625,2567566,1190832,3,84,276,120,2
6988534,leisure,425604,2571668,1189115,3,84,276,120,2
6326512,leisure,394205,2571118,1191562,3,84,276,120,2
6326624,leisure,293989,2570342,1194391,3,84,276,120,2
6459273,leisure,463298,2569750,1191983,3,84,276,120,2
6326503,leisure,13988,2575566,1183296,3,84,276,120,2
6443991,leisure,337053,2571906,1194983,3,84,276,120,2
6682441,leisure,295116,2627598,1191366,3,84,276,120,2
6640179,leisure,399230,2569430,1189314,3,84,276,120,2
6954921,leisure,628454,2577106,1183914,3,84,276,120,2
6617155,leisure,527948,2569842,1193028,3,84,276,120,2
6459115,leisure,376733,2569996,1192407,3,84,276,120,2
6682957,leisure,92967,2569760,1191831,3,84,276,120,2
6458785,leisure,509509,2570324,1194926,3,84,276,120,2
6681719,leisure,293989,2570342,1194391,3,84,276,120,2
6623061,leisure,551986,2569600,1192090,3,84,276,120,2
6661903,leisure,423953,2567422,1190669,3,84,276,120,2
7121974,leisure,370553,2582958,1190196,3,84,276,120,2
6964373,leisure,458351,2566372,1179326,3,84,276,120,2
7055623,leisure,452376,2572464,1192581,3,84,276,120,2
6920426,leisure,394205,2571118,1191562,3,84,276,120,2
6459334,leisure,87359,2568958,1191930,3,84,276,120,2
6681666,leisure,93125,2569534,1192500,3,84,276,120,2
6458886,leisure,293989,2570342,1194391,3,84,276,120,2
6458677,leisure,625441,2568080,1190993,3,84,276,120,2
6458739,leisure,204361,2591962,1182602,3,84,276,120,2
6458829,leisure,546385,2567540,1189830,3,84,276,120,2
6443629,leisure,178441,2562730,1185146,3,84,276,120,2
6682295,leisure,91772,2569152,1195933,3,84,276,120,2
6681764,leisure,546803,2576252,1198666,3,84,276,120,2
6326511,leisure,526230,2574700,1186963,3,84,276,120,2
6682618,leisure,36787,2570026,1192547,3,84,276,120,2
6682576,leisure,566864,2569740,1192274,3,84,276,120,2
6681808,leisure,441602,2565274,1188838,3,84,276,120,2
6682519,leisure,31320,2565200,1192997,3,84,276,120,2
7039144,leisure,667582,2545146,1189399,3,84,276,120,2
6459256,leisure,447933,2575944,1177082,3,84,276,120,2
6682299,leisure,87359,2568958,1191930,3,84,276,120,2
6682546,leisure,635376,2575962,1191026,3,84,276,120,2
6633597,leisure,87359,2568958,1191930,3,84,276,120,2
6459148,leisure,203607,2569920,1192293,3,84,276,120,2
7084763,leisure,49305,2567968,1192947,3,84,276,120,2
6326775,leisure,451312,2572420,1195245,3,84,276,120,2
7015159,leisure,36787,2570026,1192547,3,84,276,120,2
6459096,leisure,620825,2573022,1193373,3,84,276,120,2
6934170,leisure,432902,2575758,1201667,3,84,276,120,2
6682059,leisure,586130,2538100,1151418,3,84,276,120,2
7020201,leisure,210933,2598122,1188605,3,84,276,120,2
6682319,leisure,128371,2570326,1195011,3,84,276,120,2
6682061,leisure,622228,2575932,1190061,3,84,276,120,2
6682310,leisure,461621,2579272,1193646,3,84,276,120,2
6682804,leisure,41194,2574608,1189257,3,84,276,120,2
6326550,leisure,21221,2569536,1211265,3,84,276,120,2
6458786,leisure,336413,2579130,1194869,3,84,276,120,2
6616482,leisure,440294,2553354,1185300,3,84,276,120,2
6681995,leisure,608692,2585210,1214446,3,84,276,120,2
7087593,leisure,625441,2568080,1190993,3,84,276,120,2
6681571,leisure,663588,2567154,1222688,3,84,276,120,2
6987643,leisure,448142,2550098,1171941,3,84,276,120,2
7076617,leisure,49305,2567968,1192947,3,84,276,120,2
6326683,leisure,525738,2575704,1197160,3,84,276,120,2
6936150,leisure,452376,2572464,1192581,3,84,276,120,2
6681827,leisure,206730,2569552,1185003,3,84,276,120,2
7074631,leisure,491494,2594638,1206518,3,84,276,120,2
6681582,leisure,93897,2567822,1190658,3,84,276,120,2
6458741,leisure,511236,2596722,1205165,3,84,276,120,2
7019981,leisure,532368,2565842,1189119,3,84,276,120,2
6326557,leisure,291296,2576174,1209838,3,84,276,120,2
6682000,leisure,293989,2570342,1194391,3,84,276,120,2
6682448,leisure,64547,2567690,1193133,3,84,276,120,2
6326456,leisure,449648,2569834,1192143,3,84,276,120,2
6326764,leisure,388153,2568140,1206111,3,84,276,120,2
6682087,leisure,224519,2567824,1200863,3,84,276,120,2
6601802,leisure,376733,2569996,1192407,3,84,276,120,2
7134448,leisure,551986,2569600,1192090,3,84,276,120,2
7041837,leisure,87359,2568958,1191930,3,84,276,120,2
6326378,leisure,41802,2555756,1180621,3,84,276,120,2
6682703,leisure,239563,2569430,1189250,3,84,276,120,2
6682604,leisure,335012,2561984,1186192,3,84,276,120,2
7046278,leisure,393791,2579356,1184027,3,84,276,120,2
6326526,leisure,350293,2569688,1191954,3,84,276,120,2
6978008,leisure,394205,2571118,1191562,3,84,276,120,2
6326653,leisure,354024,2504744,1124034,3,84,276,120,2
6936589,leisure,527948,2569842,1193028,3,84,276,120,2
6458682,leisure,454800,2557858,1185459,3,84,276,120,2
6326741,leisure,203607,2569920,1192293,3,84,276,120,2
6326326,leisure,302996,2575730,1190494,3,84,276,120,2
6649547,leisure,376733,2569996,1192407,3,84,276,120,2
6682766,leisure,483557,2569614,1197634,3,84,276,120,2
6682369,leisure,462288,2571062,1186460,3,84,276,120,2
6661689,leisure,425604,2571668,1189115,3,84,276,120,2
6458933,leisure,221625,2567566,1190832,3,84,276,120,2
7091060,leisure,586486,2566350,1188775,3,84,276,120,2
7061459,leisure,485119,2569474,1191854,3,84,276,120,2
6627384,leisure,222550,2586400,1190189,3,84,276,120,2
6681588,leisure,549988,2569758,1192254,3,84,276,120,2
6459186,leisure,93125,2569534,1192500,3,84,276,120,2
6682534,leisure,667054,2569566,1192120,3,84,276,120,2
7034714,leisure,204637,2585576,1179733,3,84,276,120,2
6459103,leisure,37554,2581680,1240348,3,84,276,120,2
6326391,leisure,313585,2606372,1252065,3,84,276,120,2
7124365,leisure,285825,2567380,1192543,3,84,276,120,2
6326427,leisure,455478,2574264,1187485,3,84,276,120,2
6928160,leisure,203607,2569920,1192293,3,84,276,120,2
7015213,leisure,121907,2575700,1183063,3,84,276,120,2
6682831,leisure,527948,2569842,1193028,3,84,276,120,2
6682021,leisure,31320,2565200,1192997,3,84,276,120,2
6617994,leisure,399230,2569430,1189314,3,84,276,120,2
6682669,leisure,87359,2568958,1191930,3,84,276,120,2
6681961,leisure,625441,2568080,1190993,3,84,276,120,2
7072361,leisure,669228,2575716,1197058,3,84,276,120,2
6682534,leisure,620825,2573022,1193373,3,84,276,120,2
6431926,leisure,231915,2570248,1192993,3,84,276,120,2
6682455,leisure,459341,2576376,1190895,3,84,276,120,2
6436716,leisure,87359,2568958,1191930,3,84,276,120,2
6459242,leisure,334551,2560876,1186241,3,84,276,120,2
6458745,leisure,349480,2575248,1197277,3,84,276,120,2
6681641,leisure,93125,2569534,1192500,3,84,276,120,2
7022892,leisure,532368,2565842,1189119,3,84,276,120,2
7063814,leisure,554687,2565300,1189400,3,84,276,120,2
6459341,leisure,230804,2625036,1207612,3,84,276,120,2
6326324,leisure,247247,2563230,1191835,3,84,276,120,2
7131863,leisure,92822,2576108,1183213,3,84,276,120,2
7044022,leisure,49305,2567968,1192947,3,84,276,120,2
6934170,leisure,432902,2575758,1201667,3,84,276,120,2
6682113,leisure,93125,2569534,1192500,3,84,276,120,2
6682174,leisure,203607,2569920,1192293,3,84,276,120,2
6681710,leisure,285825,2567380,1192543,3,84,276,120,2
6988936,leisure,231915,2570248,1192993,3,84,276,120,2
6459254,leisure,439506,2571310,1186857,3,84,276,120,2
6681927,leisure,631116,2571954,1195009,3,84,276,120,2
6458913,leisure,614051,2568978,1200372,3,84,276,120,2
6929258,leisure,136716,2525572,1171462,3,84,276,120,2
6682784,leisure,399624,2584306,1194210,3,84,276,120,2
6682589,leisure,606901,2569604,1192164,3,84,276,120,2
6954921,leisure,631116,2571954,1195009,3,84,276,120,2
7012130,leisure,199984,2572186,1166416,3,84,276,120,2
6995163,leisure,481996,2567872,1190343,3,84,276,120,2
6681581,leisure,609759,2581914,1189861,3,84,276,120,2
7047682,leisure,32665,2581552,1202951,3,84,276,120,2
6326536,leisure,648131,2557994,1187203,3,84,276,120,2
7106137,leisure,625441,2568080,1190993,3,84,276,120,2
6955201,leisure,337053,2571906,1194983,3,84,276,120,2
7096256,leisure,329353,2554978,1189623,3,84,276,120,2
7134448,leisure,446072,2569636,1192066,3,84,276,120,2
6944560,leisure,454218,2571934,1189677,3,84,276,120,2
6682830,leisure,45748,2574212,1156636,3,84,276,120,2
6459188,leisure,57558,2553656,1216068,3,84,276,120,2
6945053,leisure,423952,2569872,1192805,3,84,276,120,2
7109496,leisure,219075,2567422,1186503,3,84,276,120,2
6682335,leisure,332389,2574698,1181068,3,84,276,120,2
6682295,leisure,423952,2569872,1192805,3,84,276,120,2
6682018,leisure,92967,2569760,1191831,3,84,276,120,2
6939071,leisure,607113,2569694,1192169,3,84,276,120,2
6681571,leisure,435420,2567482,1192775,3,84,276,120,2
7072363,leisure,483557,2569614,1197634,3,84,276,120,2
6682080,leisure,399230,2569430,1189314,3,84,276,120,2
6682538,leisure,572587,2576566,1215706,3,84,276,120,2
7024496,leisure,525179,2565610,1193770,3,84,276,120,2
6627385,leisure,490472,2582684,1216044,3,84,276,120,2
6458891,leisure,485119,2569474,1191854,3,84,276,120,2
6458794,leisure,464082,2569694,1192622,3,84,276,120,2
7068173,leisure,150195,2681854,1216625,3,84,276,120,2
6446214,leisure,355796,2596650,1198562,3,84,276,120,2
6458828,leisure,386732,2535544,1152308,3,84,276,120,2
6682699,leisure,222867,2574806,1191179,3,84,276,120,2
6459032,leisure,476460,2556008,1201605,3,84,276,120,2
6927254,leisure,559778,2602810,1198666,3,84,276,120,2
6682620,leisure,244471,2569788,1192631,3,84,276,120,2
6326744,leisure,625441,2568080,1190993,3,84,276,120,2
6459002,leisure,344329,2554794,1188732,3,84,276,120,2
6459045,leisure,333028,2573052,1190384,3,84,276,120,2
6682398,leisure,221986,2501370,1116335,3,84,276,120,2
6681642,leisure,31320,2565200,1192997,3,84,276,120,2
6627778,leisure,546385,2567540,1189830,3,84,276,120,2
6458834,leisure,270039,2585708,1176027,3,84,276,120,2
6429690,leisure,35592,2548350,1208757,3,84,276,120,2
6458996,leisure,454809,2581184,1187869,3,84,276,120,2
6681607,leisure,480271,2562328,1186276,3,84,276,120,2
6968229,leisure,485119,2569474,1191854,3,84,276,120,2
6682038,leisure,184194,2574732,1193700,3,84,276,120,2
6634131,leisure,298694,2565762,1189040,3,84,276,120,2
6326561,leisure,285825,2567380,1192543,3,84,276,120,2
6326527,leisure,87359,2568958,1191930,3,84,276,120,2
6617994,leisure,409568,2559588,1207271,3,84,276,120,2
6436716,leisure,49305,2567968,1192947,3,84,276,120,2
6326742,leisure,667054,2569566,1192120,3,84,276,120,2
6326519,leisure,178441,2562730,1185146,3,84,276,120,2
6980079,leisure,554687,2565300,1189400,3,84,276,120,2
6459230,leisure,458831,2571766,1192564,3,84,276,120,2
6682023,leisure,501436,2573930,1202814,3,84,276,120,2
6682134,leisure,231915,2570248,1192993,3,84,276,120,2
6682623,leisure,342472,2577116,1194579,3,84,276,120,2
6682552,leisure,625441,2568080,1190993,3,84,276,120,2
6458874,leisure,87359,2568958,1191930,3,84,276,120,2
6682222,leisure,456978,2569734,1192596,3,84,276,120,2
6682580,leisure,37749,2568320,1196394,3,84,276,120,2
6458994,leisure,414486,2575928,1185034,3,84,276,120,2
6961832,leisure,184194,2574732,1193700,3,84,276,120,2
7123712,leisure,446683,2562334,1183376,3,84,276,120,2
6434751,leisure,93125,2569534,1192500,3,84,276,120,2
6682746,leisure,426729,2660536,1238266,3,84,276,120,2
6458901,leisure,480382,2553510,1199838,3,84,276,120,2
6602417,leisure,394205,2571118,1191562,3,84,276,120,2
6682659,leisure,624875,2560414,1172504,3,84,276,120,2
7039602,leisure,42165,2573486,1195911,3,84,276,120,2
6682620,leisure,456978,2569734,1192596,3,84,276,120,2
6458908,leisure,423952,2569872,1192805,3,84,276,120,2
6326744,leisure,342472,2577116,1194579,3,84,276,120,2
6681841,leisure,588487,2562558,1186017,3,84,276,120,2
7060908,leisure,36787,2570026,1192547,3,84,276,120,2
6326494,leisure,113429,2575778,1198136,3,84,276,120,2
6681826,leisure,184194,2574732,1193700,3,84,276,120,2
6326632,leisure,669776,2568074,1189900,3,84,276,120,2
6682842,leisure,92302,2586832,1149094,3,84,276,120,2
6326473,leisure,340841,2568114,1206100,3,84,276,120,2
6682807,leisure,527948,2569842,1193028,3,84,276,120,2
6681618,leisure,455444,2578890,1183548,3,84,276,120,2
6634055,leisure,483557,2569614,1197634,3,84,276,120,2
6681942,leisure,83374,2544950,1183870,3,84,276,120,2
6326576,leisure,665263,2571954,1187399,3,84,276,120,2
6458948,leisure,332635,2602846,1195015,3,84,276,120,2
6326433,leisure,232671,2571820,1192534,3,84,276,120,2
6682764,leisure,459909,2585602,1189093,3,84,276,120,2
6978196,leisure,441951,2579568,1183387,3,84,276,120,2
6927254,leisure,405740,2578076,1184723,3,84,276,120,2
6326562,leisure,231915,2570248,1192993,3,84,276,120,2
6459231,leisure,423952,2569872,1192805,3,84,276,120,2
6326435,leisure,275285,2614184,1192496,3,84,276,120,2
6681986,leisure,64547,2567690,1193133,3,84,276,120,2
6681746,leisure,481996,2567872,1190343,3,84,276,120,2
6326768,leisure,237806,2569716,1192131,3,84,276,120,2
6682961,leisure,2194,2563958,1206041,3,84,276,120,2
6682642,leisure,461055,2577012,1175176,3,84,276,120,2
6458813,leisure,444353,2569890,1186490,3,84,276,120,2
6459256,leisure,356398,2596736,1198548,3,84,276,120,2
6681831,leisure,87359,2568958,1191930,3,84,276,120,2
7023677,leisure,497311,2551872,1196845,3,84,276,120,2
6681723,leisure,394205,2571118,1191562,3,84,276,120,2
6682802,leisure,243383,2579530,1184639,3,84,276,120,2
6682268,leisure,285825,2567380,1192543,3,84,276,120,2
6326667,leisure,625441,2568080,1190993,3,84,276,120,2
6601019,leisure,527948,2569842,1193028,3,84,276,120,2
6459150,leisure,452376,2572464,1192581,3,84,276,120,2
7049616,leisure,551112,2569802,1192186,3,84,276,120,2
6447552,leisure,536858,2580656,1201935,3,84,276,120,2
6682930,leisure,285825,2567380,1192543,3,84,276,120,2
7131863,leisure,49305,2567968,1192947,3,84,276,120,2
6681821,leisure,232671,2571820,1192534,3,84,276,120,2
6439682,leisure,520249,2557398,1181491,3,84,276,120,2
6681611,leisure,546385,2567540,1189830,3,84,276,120,2
6682443,leisure,42165,2573486,1195911,3,84,276,120,2
6459342,leisure,307478,2571772,1182814,3,84,276,120,2
7026520,leisure,231915,2570248,1192993,3,84,276,120,2
6459301,leisure,635633,2509464,1140294,3,84,276,120,2
6682492,leisure,50382,2576178,1185221,3,84,276,120,2
6989914,leisure,452361,2575254,1191645,3,84,276,120,2
6682679,leisure,42165,2573486,1195911,3,84,276,120,2
7060389,leisure,283904,2569668,1192151,3,84,276,120,2
6682210,leisure,1723,2565474,1169655,3,84,276,120,2
7084764,leisure,532658,2628604,1232763,3,84,276,120,2
6682472,leisure,499258,2598374,1198308,3,84,276,120,2
6661688,leisure,326935,2562934,1205887,3,84,276,120,2
7131840,leisure,454312,2579244,1194781,3,84,276,120,2
6682038,leisure,653397,2601744,1200214,3,84,276,120,2
6458718,leisure,445536,2555428,1207519,3,84,276,120,2
7048904,leisure,625441,2568080,1190993,3,84,276,120,2
6459287,leisure,380611,2575138,1206220,3,84,276,120,2
6682561,leisure,625441,2568080,1190993,3,84,276,120,2
6607100,leisure,518,2580110,1187449,3,84,276,120,2
6986414,leisure,551986,2569600,1192090,3,84,276,120,2
6634131,leisure,92967,2569760,1191831,3,84,276,120,2
6682506,leisure,458831,2571766,1192564,3,84,276,120,2
6928162,leisure,459011,2577744,1197355,3,84,276,120,2
6681939,leisure,399230,2569430,1189314,3,84,276,120,2
7072353,leisure,239563,2569430,1189250,3,84,276,120,2
6682169,leisure,92967,2569760,1191831,3,84,276,120,2
6458770,leisure,49305,2567968,1192947,3,84,276,120,2
6623684,leisure,94030,2556606,1175701,3,84,276,120,2
6326361,leisure,337053,2571906,1194983,3,84,276,120,2
6326419,leisure,407223,2567840,1190762,3,84,276,120,2
6946266,leisure,527948,2569842,1193028,3,84,276,120,2
6646116,leisure,551986,2569600,1192090,3,84,276,120,2
6919138,leisure,606901,2569604,1192164,3,84,276,120,2
6681648,leisure,449648,2569834,1192143,3,84,276,120,2
6935627,leisure,394205,2571118,1191562,3,84,276,120,2
6682761,leisure,205633,2601238,1229705,3,84,276,120,2
6326688,leisure,93897,2567822,1190658,3,84,276,120,2
6987213,leisure,92967,2569760,1191831,3,84,276,120,2
6326427,leisure,293989,2570342,1194391,3,84,276,120,2
6326311,leisure,271795,2588762,1226601,3,84,276,120,2
6681855,leisure,95596,2533234,1155307,3,84,276,120,2
7032032,leisure,630109,2577106,1188092,3,84,276,120,2
6430831,leisure,669776,2568074,1189900,3,84,276,120,2
6458741,leisure,666458,2565642,1235762,3,84,276,120,2
6953485,leisure,205309,2572376,1194934,3,84,276,120,2
7105359,leisure,669776,2568074,1189900,3,84,276,120,2
7124740,leisure,304299,2664536,1224275,3,84,276,120,2
6617155,leisure,87359,2568958,1191930,3,84,276,120,2
6326355,leisure,32665,2581552,1202951,3,84,276,120,2
6682024,leisure,64547,2567690,1193133,3,84,276,120,2
6458738,leisure,216395,2570942,1164079,3,84,276,120,2
6682704,leisure,49305,2567968,1192947,3,84,276,120,2
6682077,leisure,87359,2568958,1191930,3,84,276,120,2
6459091,leisure,347769,2568966,1196138,3,84,276,120,2
6682418,leisure,464082,2569694,1192622,3,84,276,120,2
6638686,leisure,269720,2571864,1189671,3,84,276,120,2
6434750,leisure,461129,2577890,1183822,3,84,276,120,2
6459125,leisure,227597,2555746,1186889,3,84,276,120,2
7019979,leisure,668394,2578028,1189316,3,84,276,120,2
6988494,leisure,527948,2569842,1193028,3,84,276,120,2
6458682,leisure,444103,2565962,1180238,3,84,276,120,2
6681995,leisure,536611,2601050,1201090,3,84,276,120,2
6326427,leisure,293989,2570342,1194391,3,84,276,120,2
6326350,leisure,638560,2599912,1204818,3,84,276,120,2
6326655,leisure,376733,2569996,1192407,3,84,276,120,2
7087595,leisure,216475,2577892,1195990,3,84,276,120,2
7133031,leisure,221958,2561786,1186304,3,84,276,120,2
6682139,leisure,459341,2576376,1190895,3,84,276,120,2
6682923,leisure,423952,2569872,1192805,3,84,276,120,2
6957954,leisure,454218,2571934,1189677,3,84,276,120,2
6459061,leisure,36787,2570026,1192547,3,84,276,120,2
6682555,leisure,654054,2558678,1212010,3,84,276,120,2
6459115,leisure,87359,2568958,1191930,3,84,276,120,2
7112481,leisure,307422,2663018,1243892,3,84,276,120,2
6935627,leisure,231915,2570248,1192993,3,84,276,120,2
6984510,leisure,283904,2569668,1192151,3,84,276,120,2
7029680,leisure,406276,2576482,1183274,3,84,276,120,2
7020201,leisure,608077,2587196,1209710,3,84,276,120,2
6929252,leisure,314230,2623608,1212307,3,84,276,120,2
6682889,leisure,93125,2569534,1192500,3,84,276,120,2
6681985,leisure,415631,2567860,1196245,3,84,276,120,2
6459172,leisure,440773,2572084,1188986,3,84,276,120,2
6623688,leisure,491913,2582888,1198848,3,84,276,120,2
6326409,leisure,449648,2569834,1192143,3,84,276,120,2
7050525,leisure,349578,2571538,1162434,3,84,276,120,2
6616482,leisure,94683,2537864,1155126,3,84,276,120,2
6954921,leisure,350293,2569688,1191954,3,84,276,120,2
7075456,leisure,461621,2579272,1193646,3,84,276,120,2
7024074,leisure,36787,2570026,1192547,3,84,276,120,2
7042974,leisure,456582,2575930,1187205,3,84,276,120,2
6682923,leisure,244471,2569788,1192631,3,84,276,120,2
6682662,leisure,337053,2571906,1194983,3,84,276,120,2
6431651,leisure,16431,2576432,1191174,3,84,276,120,2
6959507,leisure,239563,2569430,1189250,3,84,276,120,2
7003449,leisure,93125,2569534,1192500,3,84,276,120,2
6682548,leisure,430586,2670082,1197273,3,84,276,120,2
6326562,leisure,231915,2570248,1192993,3,84,276,120,2
6326737,leisure,423952,2569872,1192805,3,84,276,120,2
7079475,leisure,619514,2621284,1209039,3,84,276,120,2
6459030,leisure,87359,2568958,1191930,3,84,276,120,2
6458745,leisure,87359,2568958,1191930,3,84,276,120,2
7105357,leisure,435420,2567482,1192775,3,84,276,120,2
7094367,leisure,527948,2569842,1193028,3,84,276,120,2
6682836,leisure,552881,2595252,1162459,3,84,276,120,2
6326582,leisure,394205,2571118,1191562,3,84,276,120,2
6326664,leisure,26703,2572180,1195225,3,84,276,120,2
6459230,leisure,425016,2576002,1198264,3,84,276,120,2
6446733,leisure,224024,2538984,1184071,3,84,276,120,2
6681882,leisure,333028,2573052,1190384,3,84,276,120,2
6459228,leisure,407223,2567840,1190762,3,84,276,120,2
6326772,leisure,128371,2570326,1195011,3,84,276,120,2
6682948,leisure,43,2572500,1192715,3,84,276,120,2
7084668,leisure,666011,2607558,1200822,3,84,276,120,2
6681817,leisure,606901,2569604,1192164,3,84,276,120,2
6681671,leisure,238781,2553816,1172871,3,84,276,120,2
7021298,leisure,226487,2538850,1156519,3,84,276,120,2
6682288,leisure,607113,2569694,1192169,3,84,276,120,2
7109495,leisure,607113,2569694,1192169,3,84,276,120,2
6326739,leisure,151440,2587050,1196512,3,84,276,120,2
6681991,leisure,496857,2568250,1199086,3,84,276,120,2
6682290,leisure,478593,2595678,1196646,3,84,276,120,2
6682230,leisure,93125,2569534,1192500,3,84,276,120,2
6681582,leisure,606901,2569604,1192164,3,84,276,120,2
6682755,leisure,91772,2569152,1195933,3,84,276,120,2
7019979,leisure,41194,2574608,1189257,3,84,276,120,2
7026957,leisure,37488,2602416,1211177,3,84,276,120,2
7022276,leisure,665263,2571954,1187399,3,84,276,120,2
6459087,leisure,651357,2569874,1185848,3,84,276,120,2
7084468,leisure,49305,2567968,1192947,3,84,276,120,2
6682474,leisure,546385,2567540,1189830,3,84,276,120,2
7093031,leisure,198868,2596364,1198372,3,84,276,120,2
6326351,leisure,485119,2569474,1191854,3,84,276,120,2
6326586,leisure,336413,2579130,1194869,3,84,276,120,2
6681990,leisure,451067,2544500,1149500,3,84,276,120,2
6459272,leisure,333028,2573052,1190384,3,84,276,120,2
6682586,leisure,601294,2567438,1197325,3,84,276,120,2
7087594,leisure,158541,2595688,1199920,3,84,276,120,2
6682282,leisure,396964,2571824,1194913,3,84,276,120,2
6326723,leisure,425604,2571668,1189115,3,84,276,120,2
6326365,leisure,456009,2578834,1186870,3,84,276,120,2
6458735,leisure,530003,2625676,1193616,3,84,276,120,2
6682896,leisure,2773,2564140,1196198,3,84,276,120,2
6459332,leisure,87359,2568958,1191930,3,84,276,120,2
6682424,leisure,189464,2638204,1235476,3,84,276,120,2
6953484,leisure,394205,2571118,1191562,3,84,276,120,2
6326536,leisure,231915,2570248,1192993,3,84,276,120,2
6948470,leisure,217731,2527712,1162510,3,84,276,120,2
6458856,leisure,571936,2564892,1184011,3,84,276,120,2
6682221,leisure,41802,2555756,1180621,3,84,276,120,2
6681819,leisure,59350,2596452,1199231,3,84,276,120,2
6459228,leisure,91772,2569152,1195933,3,84,276,120,2
6682459,leisure,509509,2570324,1194926,3,84,276,120,2
6661904,leisure,247247,2563230,1191835,3,84,276,120,2
6972203,leisure,394205,2571118,1191562,3,84,276,120,2
6681962,leisure,13233,2574024,1200207,3,84,276,120,2
6682967,leisure,394205,2571118,1191562,3,84,276,120,2
6681720,leisure,667054,2569566,1192120,3,84,276,120,2
6682123,leisure,199235,2571214,1207280,3,84,276,120,2
6936113,leisure,485119,2569474,1191854,3,84,276,120,2
6681982,leisure,87359,2568958,1191930,3,84,276,120,2
6633596,leisure,616917,2584864,1202147,3,84,276,120,2
6430831,leisure,456404,2569714,1192233,3,84,276,120,2
6459186,leisure,527948,2569842,1193028,3,84,276,120,2
6681804,leisure,527916,2571790,1189190,3,84,276,120,2
6431789,leisure,286890,2575234,1184615,3,84,276,120,2
6459356,leisure,206780,2580116,1177813,3,84,276,120,2
6682460,leisure,503823,2576250,1195918,3,84,276,120,2
6682038,leisure,485757,2601686,1199309,3,84,276,120,2
6682950,leisure,376733,2569996,1192407,3,84,276,120,2
6681652,leisure,308576,2564012,1206571,3,84,276,120,2
7032693,leisure,93125,2569534,1192500,3,84,276,120,2
6681857,leisure,128371,2570326,1195011,3,84,276,120,2
7121974,leisure,640956,2579918,1183590,3,84,276,120,2
6682858,leisure,568180,2576752,1191325,3,84,276,120,2
6933423,leisure,394205,2571118,1191562,3,84,276,120,2
6326717,leisure,449648,2569834,1192143,3,84,276,120,2
6642314,leisure,93125,2569534,1192500,3,84,276,120,2
7030309,leisure,340217,2575344,1184492,3,84,276,120,2
6326337,leisure,30864,2604730,1211154,3,84,276,120,2
6458921,leisure,495856,2572934,1174575,3,84,276,120,2
6682719,leisure,387486,2561826,1185420,3,84,276,120,2
7074338,leisure,318201,2578724,1177163,3,84,276,120,2
6682773,leisure,229045,2575936,1190782,3,84,276,120,2
6940001,leisure,527948,2569842,1193028,3,84,276,120,2
6326507,leisure,44338,2570764,1202748,3,84,276,120,2
6431714,leisure,231915,2570248,1192993,3,84,276,120,2
6681846,leisure,396964,2571824,1194913,3,84,276,120,2
7109497,leisure,231915,2570248,1192993,3,84,276,120,2
6326545,leisure,461633,2577330,1182888,3,84,276,120,2
6458935,leisure,526230,2574700,1186963,3,84,276,120,2
6682026,leisure,527948,2569842,1193028,3,84,276,120,2
6459266,leisure,394205,2571118,1191562,3,84,276,120,2
6458873,leisure,326145,2564934,1197750,3,84,276,120,2
6917366,leisure,489196,2577858,1182444,3,84,276,120,2
6649969,leisure,396964,2571824,1194913,3,84,276,120,2
7039144,leisure,394205,2571118,1191562,3,84,276,120,2
6948470,leisure,41766,2541478,1172317,3,84,276,120,2
6655637,leisure,201943,2563436,1251916,3,84,276,120,2
7121305,leisure,188556,2598248,1195423,3,84,276,120,2
6681877,leisure,461985,2569626,1192177,3,84,276,120,2
6682915,leisure,654562,2604144,1208021,3,84,276,120,2
6617995,leisure,196863,2577668,1183820,3,84,276,120,2
6326350,leisure,461985,2569626,1192177,3,84,276,120,2
6649484,leisure,396964,2571824,1194913,3,84,276,120,2
6656485,leisure,94115,2535930,1152827,3,84,276,120,2
7107377,leisure,394205,2571118,1191562,3,84,276,120,2
6920423,leisure,300498,2574398,1184546,3,84,276,120,2
6623696,leisure,319596,2576230,1195749,3,84,276,120,2
6954102,leisure,463298,2569750,1191983,3,84,276,120,2
6458890,leisure,35592,2548350,1208757,3,84,276,120,2
7042975,leisure,589819,2575276,1197522,3,84,276,120,2
6936112,leisure,8950,2567876,1192999,3,84,276,120,2
6431651,leisure,440209,2575228,1196328,3,84,276,120,2
6326724,leisure,92967,2569760,1191831,3,84,276,120,2
6922345,leisure,84100,2613712,1185841,3,84,276,120,2
6682218,leisure,93125,2569534,1192500,3,84,276,120,2
6326570,leisure,667054,2569566,1192120,3,84,276,120,2
6458710,leisure,651357,2569874,1185848,3,84,276,120,2
7076614,leisure,425604,2571668,1189115,3,84,276,120,2
6681642,leisure,441194,2577350,1191906,3,84,276,120,2
6326641,leisure,541714,2559064,1204215,3,84,276,120,2
6933150,leisure,87359,2568958,1191930,3,84,276,120,2
7105357,leisure,285825,2567380,1192543,3,84,276,120,2
6326473,leisure,222867,2574806,1191179,3,84,276,120,2
6682532,leisure,667054,2569566,1192120,3,84,276,120,2
6459059,leisure,423952,2569872,1192805,3,84,276,120,2
6326511,leisure,461646,2573380,1186441,3,84,276,120,2
6458831,leisure,371531,2599150,1199661,3,84,276,120,2
6682396,leisure,206206,2567742,1190525,3,84,276,120,2
6458682,leisure,454800,2557858,1185459,3,84,276,120,2
6682061,leisure,396964,2571824,1194913,3,84,276,120,2
7081861,leisure,112114,2599908,1197264,3,84,276,120,2
6656717,leisure,613441,2572056,1186893,3,84,276,120,2
6459273,leisure,620825,2573022,1193373,3,84,276,120,2
6459242,leisure,608465,2564162,1195879,3,84,276,120,2
6682676,leisure,399230,2569430,1189314,3,84,276,120,2
6326386,leisure,667054,2569566,1192120,3,84,276,120,2
6459124,leisure,394205,2571118,1191562,3,84,276,120,2
6682906,leisure,350293,2569688,1191954,3,84,276,120,2
6682501,leisure,78678,2561108,1186256,3,84,276,120,2
6681995,leisure,175931,2601210,1199442,3,84,276,120,2
6326526,leisure,625441,2568080,1190993,3,84,276,120,2
6459085,leisure,614441,2574788,1196451,3,84,276,120,2
6326550,leisure,449509,2569852,1211482,3,84,276,120,2
7122180,leisure,596523,2567972,1196390,3,84,276,120,2
6927531,leisure,293989,2570342,1194391,3,84,276,120,2
6681713,leisure,92967,2569760,1191831,3,84,276,120,2
6682549,leisure,463298,2569750,1191983,3,84,276,120,2
7132614,leisure,468285,2533024,1155131,3,84,276,120,2
6458939,leisure,336503,2645924,1223570,3,84,276,120,2
6682458,leisure,34149,2560124,1204670,3,84,276,120,2
6326461,leisure,394205,2571118,1191562,3,84,276,120,2
7021300,leisure,36787,2570026,1192547,3,84,276,120,2
6681754,leisure,204361,2591962,1182602,3,84,276,120,2
7022893,leisure,448470,2562808,1171486,3,84,276,120,2
6326649,leisure,449648,2569834,1192143,3,84,276,120,2
6681859,leisure,537236,2601562,1199374,3,84,276,120,2
7091538,leisure,527948,2569842,1193028,3,84,276,120,2
6681936,leisure,458831,2571766,1192564,3,84,276,120,2
7093028,leisure,455430,2581278,1188822,3,84,276,120,2
6682610,leisure,449648,2569834,1192143,3,84,276,120,2
6459059,leisure,36787,2570026,1192547,3,84,276,120,2
6681756,leisure,331116,2565830,1192432,3,84,276,120,2
6682969,leisure,287045,2577744,1186273,3,84,276,120,2
6446733,leisure,129746,2537796,1186493,3,84,276,120,2
6458785,leisure,648171,2575006,1194625,3,84,276,120,2
6458822,leisure,633799,2565010,1185420,3,84,276,120,2
7133032,leisure,454228,2576574,1184138,3,84,276,120,2
6458833,leisure,42165,2573486,1195911,3,84,276,120,2
6681758,leisure,36787,2570026,1192547,3,84,276,120,2
6682331,leisure,389766,2554502,1200062,3,84,276,120,2
6682306,leisure,394205,2571118,1191562,3,84,276,120,2
6682003,leisure,607113,2569694,1192169,3,84,276,120,2
6459218,leisure,128371,2570326,1195011,3,84,276,120,2
6682917,leisure,579671,2577688,1185789,3,84,276,120,2
6459061,leisure,87359,2568958,1191930,3,84,276,120,2
6682954,leisure,175813,2556432,1177433,3,84,276,120,2
6682735,leisure,49305,2567968,1192947,3,84,276,120,2
7090647,leisure,352226,2577910,1180625,3,84,276,120,2
6681727,leisure,232671,2571820,1192534,3,84,276,120,2
6657998,leisure,36471,2574116,1187554,3,84,276,120,2
6681649,leisure,239563,2569430,1189250,3,84,276,120,2
6682653,leisure,523151,2574900,1195600,3,84,276,120,2
6682460,leisure,650810,2568700,1183610,3,84,276,120,2
6682096,leisure,285825,2567380,1192543,3,84,276,120,2
6326597,leisure,87359,2568958,1191930,3,84,276,120,2
6459290,leisure,217731,2527712,1162510,3,84,276,120,2
6681666,leisure,566864,2569740,1192274,3,84,276,120,2
7068001,leisure,41194,2574608,1189257,3,84,276,120,2
6326524,leisure,640465,2557720,1179203,3,84,276,120,2
6596767,leisure,537765,2569966,1169031,3,84,276,120,2
6434814,leisure,394205,2571118,1191562,3,84,276,120,2
6682314,leisure,93125,2569534,1192500,3,84,276,120,2
6326733,leisure,399230,2569430,1189314,3,84,276,120,2
6458874,leisure,12502,2578074,1185980,3,84,276,120,2
6458911,leisure,123971,2578238,1185058,3,84,276,120,2
6458970,leisure,475704,2560730,1204556,3,84,276,120,2
6682688,leisure,285825,2567380,1192543,3,84,276,120,2
6623880,leisure,433879,2589050,1214415,3,84,276,120,2
6458688,leisure,472986,2591014,1193281,3,84,276,120,2
6682559,leisure,527948,2569842,1193028,3,84,276,120,2
7050526,leisure,607113,2569694,1192169,3,84,276,120,2
6682703,leisure,239563,2569430,1189250,3,84,276,120,2
7080372,leisure,446072,2569636,1192066,3,84,276,120,2
6681562,leisure,452376,2572464,1192581,3,84,276,120,2
7003449,leisure,589819,2575276,1197522,3,84,276,120,2
6681723,leisure,394205,2571118,1191562,3,84,276,120,2
6682134,leisure,527948,2569842,1193028,3,84,276,120,2
6616833,leisure,476986,2548110,1210455,3,84,276,120,2
6682613,leisure,87359,2568958,1191930,3,84,276,120,2
6682854,leisure,649984,2574100,1183900,3,84,276,120,2
6459238,leisure,620825,2573022,1193373,3,84,276,120,2
6661903,leisure,219075,2567422,1186503,3,84,276,120,2
6682071,leisure,203607,2569920,1192293,3,84,276,120,2
6682576,leisure,454837,2575856,1197214,3,84,276,120,2
6682976,leisure,390153,2568370,1197078,3,84,276,120,2
6459082,leisure,92967,2569760,1191831,3,84,276,120,2
6682155,leisure,452664,2561316,1191343,3,84,276,120,2
7026958,leisure,525738,2575704,1197160,3,84,276,120,2
6681573,leisure,49305,2567968,1192947,3,84,276,120,2
6682227,leisure,383350,2566552,1176661,3,84,276,120,2
6459059,leisure,285825,2567380,1192543,3,84,276,120,2
6682688,leisure,623273,2575850,1182567,3,84,276,120,2
6427231,leisure,566864,2569740,1192274,3,84,276,120,2
6326355,leisure,91772,2569152,1195933,3,84,276,120,2
6633597,leisure,549101,2581198,1192182,3,84,276,120,2
6682758,leisure,423952,2569872,1192805,3,84,276,120,2
6326583,leisure,515549,2596004,1204178,3,84,276,120,2
6459084,leisure,449648,2569834,1192143,3,84,276,120,2
6938099,leisure,214497,2579122,1183882,3,84,276,120,2
6954922,leisure,667054,2569566,1192120,3,84,276,120,2
6602045,leisure,454789,2576202,1178092,3,84,276,120,2
6681570,leisure,475105,2555836,1202334,3,84,276,120,2
6657999,leisure,206730,2569552,1185003,3,84,276,120,2
6682099,leisure,622228,2575932,1190061,3,84,276,120,2
6681677,leisure,625441,2568080,1190993,3,84,276,120,2
6640178,leisure,399230,2569430,1189314,3,84,276,120,2
6681898,leisure,92967,2569760,1191831,3,84,276,120,2
6983941,leisure,423952,2569872,1192805,3,84,276,120,2
6682767,leisure,452376,2572464,1192581,3,84,276,120,2
6459321,leisure,203607,2569920,1192293,3,84,276,120,2
6682186,leisure,376480,2580888,1166487,3,84,276,120,2
6682369,leisure,14867,2581594,1198283,3,84,276,120,2
7045747,leisure,93125,2569534,1192500,3,84,276,120,2
6681874,leisure,93125,2569534,1192500,3,84,276,120,2
6682537,leisure,209813,2562898,1184852,3,84,276,120,2
6326438,leisure,22334,2562640,1205300,3,84,276,120,2
6682297,leisure,326935,2562934,1205887,3,84,276,120,2
6964372,leisure,565960,2578176,1191157,3,84,276,120,2
6459083,leisure,604417,2602814,1198386,3,84,276,120,2
6326333,leisure,203607,2569920,1192293,3,84,276,120,2
6459135,leisure,485119,2569474,1191854,3,84,276,120,2
7007682,leisure,293989,2570342,1194391,3,84,276,120,2
6954521,leisure,461714,2562572,1192902,3,84,276,120,2
6326769,leisure,92967,2569760,1191831,3,84,276,120,2
6326361,leisure,667054,2569566,1192120,3,84,276,120,2
6638531,leisure,557633,2551688,1170607,3,84,276,120,2
6326473,leisure,517360,2549150,1201053,3,84,276,120,2
6326727,leisure,21047,2575154,1197103,3,84,276,120,2
6682885,leisure,92967,2569760,1191831,3,84,276,120,2
7129746,leisure,423952,2569872,1192805,3,84,276,120,2
6681686,leisure,42165,2573486,1195911,3,84,276,120,2
6627778,leisure,93897,2567822,1190658,3,84,276,120,2
6682842,leisure,454069,2563268,1191900,3,84,276,120,2
6682328,leisure,435420,2567482,1192775,3,84,276,120,2
6459154,leisure,333028,2573052,1190384,3,84,276,120,2
6938110,leisure,399230,2569430,1189314,3,84,276,120,2
6934004,leisure,485119,2569474,1191854,3,84,276,120,2
6458742,leisure,331116,2565830,1192432,3,84,276,120,2
6600113,leisure,525179,2565610,1193770,3,84,276,120,2
6954663,leisure,527948,2569842,1193028,3,84,276,120,2
6458790,leisure,614051,2568978,1200372,3,84,276,120,2
7027427,leisure,399230,2569430,1189314,3,84,276,120,2
6459321,leisure,36787,2570026,1192547,3,84,276,120,2
6681686,leisure,566864,2569740,1192274,3,84,276,120,2
6681703,leisure,496240,2582420,1204775,3,84,276,120,2
6682580,leisure,601294,2567438,1197325,3,84,276,120,2
6644477,leisure,423952,2569872,1192805,3,84,276,120,2
6681648,leisure,92967,2569760,1191831,3,84,276,120,2
6326368,leisure,667054,2569566,1192120,3,84,276,120,2
6681689,leisure,527948,2569842,1193028,3,84,276,120,2
7074629,leisure,376733,2569996,1192407,3,84,276,120,2
6681860,leisure,452376,2572464,1192581,3,84,276,120,2
7067999,leisure,244471,2569788,1192631,3,84,276,120,2
6682591,leisure,648533,2570028,1169220,3,84,276,120,2
6326618,leisure,13876,2591056,1193158,3,84,276,120,2
6681643,leisure,440773,2572084,1188986,3,84,276,120,2
6936150,leisure,620825,2573022,1193373,3,84,276,120,2
6988534,leisure,49305,2567968,1192947,3,84,276,120,2
6681568,leisure,235954,2567620,1211826,3,84,276,120,2
6458794,leisure,92967,2569760,1191831,3,84,276,120,2
6459239,leisure,455783,2567982,1200629,3,84,276,120,2
6682400,leisure,423953,2567422,1190669,3,84,276,120,2
6681706,leisure,481603,2532686,1195838,3,84,276,120,2
6682762,leisure,231915,2570248,1192993,3,84,276,120,2
6459261,leisure,300367,2574708,1197104,3,84,276,120,2
6681827,leisure,93125,2569534,1192500,3,84,276,120,2
6458993,leisure,268752,2583398,1176741,3,84,276,120,2
6326380,leisure,87359,2568958,1191930,3,84,276,120,2
6682883,leisure,394205,2571118,1191562,3,84,276,120,2
7091060,leisure,485119,2569474,1191854,3,84,276,120,2
6681982,leisure,411810,2554720,1216148,3,84,276,120,2
6933427,leisure,392163,2580288,1190082,3,84,276,120,2
6326696,leisure,551986,2569600,1192090,3,84,276,120,2
6603049,leisure,331116,2565830,1192432,3,84,276,120,2
6459077,leisure,452376,2572464,1192581,3,84,276,120,2
6681991,leisure,331116,2565830,1192432,3,84,276,120,2
6441950,leisure,60221,2571706,1200163,3,84,276,120,2
7012130,leisure,511342,2594256,1191818,3,84,276,120,2
6682241,leisure,566864,2569740,1192274,3,84,276,120,2
6459184,leisure,375198,2577366,1179438,3,84,276,120,2
6458938,shop,518383,2572622,1195226,4,84,276,120,2
6682496,shop,467893,2568958,1191930,4,84,276,120,2
6326628,shop,150723,2581402,1179699,4,84,276,120,2
6458767,shop,179439,2601334,1198932,4,84,276,120,2
6682890,shop,564933,2570036,1192889,4,84,276,120,2
6682291,shop,92368,2572010,1195068,4,84,276,120,2
6682864,shop,518383,2572622,1195226,4,84,276,120,2
6682618,shop,166184,2565096,1193388,4,84,276,120,2
6681803,shop,640154,2569706,1192177,4,84,276,120,2
6682154,shop,485885,2569950,1192346,4,84,276,120,2
6984507,shop,115805,2578062,1183406,4,84,276,120,2
6653324,shop,81724,2569570,1192136,4,84,276,120,2
6459143,shop,664233,2565930,1189040,4,84,276,120,2
6458729,shop,564933,2570036,1192889,4,84,276,120,2
6326734,shop,170774,2568124,1190022,4,84,276,120,2
6682542,shop,438949,2568198,1191141,4,84,276,120,2
6954663,shop,515429,2569678,1192876,4,84,276,120,2
6326316,shop,550938,2578258,1195733,4,84,276,120,2
6682526,shop,173033,2575866,1191100,4,84,276,120,2
6434897,shop,86046,2569666,1192548,4,84,276,120,2
6458805,shop,467893,2568958,1191930,4,84,276,120,2
7010021,shop,145611,2567560,1190727,4,84,276,120,2
6459271,shop,504841,2569098,1192177,4,84,276,120,2
7027054,shop,301040,2569690,1192215,4,84,276,120,2
6326305,shop,346885,2608648,1205264,4,84,276,120,2
6458998,shop,390144,2581042,1187935,4,84,276,120,2
6682515,shop,512470,2569524,1198175,4,84,276,120,2
6682587,shop,515429,2569678,1192876,4,84,276,120,2
6681712,shop,515429,2569678,1192876,4,84,276,120,2
6990168,shop,485885,2569950,1192346,4,84,276,120,2
6458797,shop,178947,2573560,1195862,4,84,276,120,2
7093027,shop,184799,2599456,1167273,4,84,276,120,2
6682776,shop,60319,2564218,1192143,4,84,276,120,2
6970945,shop,467893,2568958,1191930,4,84,276,120,2
6326418,shop,7010,2574722,1205214,4,84,276,120,2
6934169,shop,133635,2629226,1141079,4,84,276,120,2
6682319,shop,185510,2570354,1194339,4,84,276,120,2
6459212,shop,236777,2567722,1186672,4,84,276,120,2
6682062,shop,15186,2577114,1181986,4,84,276,120,2
6933425,shop,146637,2560368,1205614,4,84,276,120,2
6682259,shop,178947,2573560,1195862,4,84,276,120,2
6682699,shop,128372,2569872,1192805,4,84,276,120,2
6682948,shop,411481,2565200,1193043,4,84,276,120,2
6681669,shop,201355,2597026,1198827,4,84,276,120,2
7082595,shop,44547,2576042,1190467,4,84,276,120,2
7128731,shop,339844,2569928,1192125,4,84,276,120,2
6439545,shop,182830,2571606,1186891,4,84,276,120,2
6459358,shop,173033,2575866,1191100,4,84,276,120,2
6651978,shop,447639,2569628,1192209,4,84,276,120,2
6458982,shop,185510,2570354,1194339,4,84,276,120,2
6681961,shop,204309,2575464,1195744,4,84,276,120,2
6682400,shop,467893,2568958,1191930,4,84,276,120,2
7035893,shop,301040,2569690,1192215,4,84,276,120,2
6995164,shop,447639,2569628,1192209,4,84,276,120,2
6458722,shop,272203,2569648,1192122,4,84,276,120,2
6655622,shop,238714,2586576,1222418,4,84,276,120,2
6681752,shop,564933,2570036,1192889,4,84,276,120,2
6630619,shop,204157,2575010,1186870,4,84,276,120,2
6599864,shop,25684,2577100,1189799,4,84,276,120,2
6458949,shop,485885,2569950,1192346,4,84,276,120,2
7105589,shop,504841,2569098,1192177,4,84,276,120,2
6326527,shop,206313,2564762,1185290,4,84,276,120,2
6458989,shop,467893,2568958,1191930,4,84,276,120,2
6638687,shop,504841,2569098,1192177,4,84,276,120,2
6681596,shop,505228,2568776,1199905,4,84,276,120,2
6609805,shop,354050,2568320,1196517,4,84,276,120,2
6459074,shop,170774,2568124,1190022,4,84,276,120,2
6682700,shop,10569,2554336,1188740,4,84,276,120,2
6929261,shop,100893,2570006,1193377,4,84,276,120,2
6682395,shop,467893,2568958,1191930,4,84,276,120,2
6326551,shop,227104,2566780,1178658,4,84,276,120,2
7085267,shop,354050,2568320,1196517,4,84,276,120,2
6681756,shop,60315,2573418,1194248,4,84,276,120,2
7050522,shop,579483,2576182,1185273,4,84,276,120,2
6682147,shop,512470,2569524,1198175,4,84,276,120,2
6681614,shop,457275,2560150,1190058,4,84,276,120,2
6682036,shop,243477,2572090,1195015,4,84,276,120,2
6682461,shop,504841,2569098,1192177,4,84,276,120,2
6615638,shop,118194,2566006,1189540,4,84,276,120,2
6633597,shop,104214,2597250,1199724,4,84,276,120,2
7132612,shop,504841,2569098,1192177,4,84,276,120,2
7037611,shop,485885,2569950,1192346,4,84,276,120,2
6604573,shop,564933,2570036,1192889,4,84,276,120,2
6326424,shop,100893,2570006,1193377,4,84,276,120,2
6326717,shop,86046,2569666,1192548,4,84,276,120,2
6326330,shop,339844,2569928,1192125,4,84,276,120,2
7133193,shop,14940,2533610,1156180,4,84,276,120,2
6326476,shop,193343,2592510,1185814,4,84,276,120,2
6626391,shop,170774,2568124,1190022,4,84,276,120,2
6459059,shop,438949,2568198,1191141,4,84,276,120,2
6459132,shop,467893,2568958,1191930,4,84,276,120,2
6326750,shop,467893,2568958,1191930,4,84,276,120,2
6443991,shop,512470,2569524,1198175,4,84,276,120,2
6604900,shop,111827,2576200,1197870,4,84,276,120,2
6682543,shop,447639,2569628,1192209,4,84,276,120,2
7109496,shop,438949,2568198,1191141,4,84,276,120,2
6458954,shop,185510,2570354,1194339,4,84,276,120,2
6326435,shop,246232,2610330,1189036,4,84,276,120,2
6681656,shop,515429,2569678,1192876,4,84,276,120,2
6326383,shop,526945,2575108,1201097,4,84,276,120,2
6682124,shop,81724,2569570,1192136,4,84,276,120,2
6681706,shop,55486,2567492,1196457,4,84,276,120,2
6682908,shop,515429,2569678,1192876,4,84,276,120,2
6962865,shop,579483,2576182,1185273,4,84,276,120,2
6458699,shop,270134,2576176,1195893,4,84,276,120,2
7041836,shop,504841,2569098,1192177,4,84,276,120,2
7098022,shop,640028,2580430,1187797,4,84,276,120,2
6682482,shop,93421,2579942,1177431,4,84,276,120,2
6682443,shop,185510,2570354,1194339,4,84,276,120,2
6682219,shop,339844,2569928,1192125,4,84,276,120,2
6459344,shop,485885,2569950,1192346,4,84,276,120,2
7121975,shop,339844,2569928,1192125,4,84,276,120,2
6326342,shop,35358,2569700,1192173,4,84,276,120,2
6960023,shop,56904,2571934,1189677,4,84,276,120,2
6458963,shop,128085,2559556,1207276,4,84,276,120,2
6634954,shop,170261,2563348,1196505,4,84,276,120,2
6682429,shop,272203,2569648,1192122,4,84,276,120,2
6459082,shop,236081,2566590,1187690,4,84,276,120,2
6682575,shop,100893,2570006,1193377,4,84,276,120,2
7113202,shop,301040,2569690,1192215,4,84,276,120,2
7071813,shop,463198,2566676,1187178,4,84,276,120,2
6434085,shop,60319,2564218,1192143,4,84,276,120,2
6681797,shop,245816,2567860,1191760,4,84,276,120,2
6682711,shop,245816,2567860,1191760,4,84,276,120,2
6458938,shop,100893,2570006,1193377,4,84,276,120,2
6998474,shop,515429,2569678,1192876,4,84,276,120,2
6682877,shop,467893,2568958,1191930,4,84,276,120,2
6681572,shop,287277,2560598,1172331,4,84,276,120,2
7102963,shop,272203,2569648,1192122,4,84,276,120,2
6987214,shop,339844,2569928,1192125,4,84,276,120,2
6458893,shop,245816,2567860,1191760,4,84,276,120,2
6682036,shop,320830,2571906,1194983,4,84,276,120,2
6988937,shop,2748,2558044,1184109,4,84,276,120,2
6326630,shop,60315,2573418,1194248,4,84,276,120,2
6458903,shop,100893,2570006,1193377,4,84,276,120,2
7122180,shop,236777,2567722,1186672,4,84,276,120,2
6682117,shop,598765,2580750,1188856,4,84,276,120,2
6630320,shop,185510,2570354,1194339,4,84,276,120,2
6326399,shop,213940,2583816,1217389,4,84,276,120,2
7047113,shop,170774,2568124,1190022,4,84,276,120,2
6682009,shop,504841,2569098,1192177,4,84,276,120,2
6682319,shop,44547,2576042,1190467,4,84,276,120,2
6623688,shop,454004,2579294,1183649,4,84,276,120,2
6458936,shop,515429,2569678,1192876,4,84,276,120,2
7099574,shop,467893,2568958,1191930,4,84,276,120,2
6681856,shop,339844,2569928,1192125,4,84,276,120,2
6682112,shop,227104,2566780,1178658,4,84,276,120,2
6965701,shop,344318,2571470,1186830,4,84,276,120,2
6436716,shop,485885,2569950,1192346,4,84,276,120,2
7134448,shop,467893,2568958,1191930,4,84,276,120,2
6682630,shop,564933,2570036,1192889,4,84,276,120,2
6458988,shop,245816,2567860,1191760,4,84,276,120,2
6459047,shop,271048,2567478,1190943,4,84,276,120,2
6682153,shop,128372,2569872,1192805,4,84,276,120,2
6634700,shop,461073,2575392,1196898,4,84,276,120,2
6459190,shop,339844,2569928,1192125,4,84,276,120,2
6682348,shop,339844,2569928,1192125,4,84,276,120,2
6682372,shop,208220,2578898,1183883,4,84,276,120,2
1110922,shop,441433,2567818,1190404,4,84,276,120,2
7004300,shop,504841,2569098,1192177,4,84,276,120,2
7054033,shop,441433,2567818,1190404,4,84,276,120,2
6682485,shop,504841,2569098,1192177,4,84,276,120,2
6326771,shop,274900,2593798,1192202,4,84,276,120,2
6612337,shop,233618,2577932,1194328,4,84,276,120,2
6682155,shop,640154,2569706,1192177,4,84,276,120,2
6682941,shop,467893,2568958,1191930,4,84,276,120,2
7084466,shop,100893,2570006,1193377,4,84,276,120,2
7089834,shop,176969,2563128,1174440,4,84,276,120,2
6458801,shop,467893,2568958,1191930,4,84,276,120,2
6459010,shop,100893,2570006,1193377,4,84,276,120,2
6326302,shop,107087,2554398,1198995,4,84,276,120,2
7024075,shop,339844,2569928,1192125,4,84,276,120,2
6610669,shop,116581,2577900,1196400,4,84,276,120,2
6458760,shop,339844,2569928,1192125,4,84,276,120,2
6326383,shop,94735,2575264,1201242,4,84,276,120,2
6459280,shop,180009,2574806,1191179,4,84,276,120,2
6459007,shop,86046,2569666,1192548,4,84,276,120,2
6930235,shop,525697,2592324,1200221,4,84,276,120,2
6682219,shop,60315,2573418,1194248,4,84,276,120,2
6927703,shop,245816,2567860,1191760,4,84,276,120,2
7092569,shop,81724,2569570,1192136,4,84,276,120,2
7090891,shop,515429,2569678,1192876,4,84,276,120,2
6940249,shop,301040,2569690,1192215,4,84,276,120,2
6682169,shop,339844,2569928,1192125,4,84,276,120,2
6326354,shop,170774,2568124,1190022,4,84,276,120,2
6458853,shop,467893,2568958,1191930,4,84,276,120,2
6988257,shop,339844,2569928,1192125,4,84,276,120,2
7059326,shop,120580,2572500,1181906,4,84,276,120,2
6681833,shop,288362,2567334,1189906,4,84,276,120,2
6459287,shop,219353,2577290,1185560,4,84,276,120,2
6458848,shop,174725,2566126,1184407,4,84,276,120,2
6458860,shop,236777,2567722,1186672,4,84,276,120,2
7052358,shop,504841,2569098,1192177,4,84,276,120,2
6458729,shop,44547,2576042,1190467,4,84,276,120,2
6682733,shop,321927,2570614,1194785,4,84,276,120,2
6923451,shop,504841,2569098,1192177,4,84,276,120,2
7050525,shop,339844,2569928,1192125,4,84,276,120,2
6682333,shop,300079,2571360,1181396,4,84,276,120,2
6916784,shop,272203,2569648,1192122,4,84,276,120,2
6326476,shop,595287,2599992,1185633,4,84,276,120,2
6682776,shop,60319,2564218,1192143,4,84,276,120,2
6458742,shop,370194,2570934,1186694,4,84,276,120,2
6326311,shop,180009,2574806,1191179,4,84,276,120,2
7085268,shop,467893,2568958,1191930,4,84,276,120,2
6682831,shop,485885,2569950,1192346,4,84,276,120,2
6682102,shop,339844,2569928,1192125,4,84,276,120,2
6459016,shop,339844,2569928,1192125,4,84,276,120,2
6458755,shop,60315,2573418,1194248,4,84,276,120,2
6948690,shop,236777,2567722,1186672,4,84,276,120,2
7121081,shop,185510,2570354,1194339,4,84,276,120,2
6326388,shop,173046,2581780,1198087,4,84,276,120,2
6326632,shop,564933,2570036,1192889,4,84,276,120,2
6682775,shop,100893,2570006,1193377,4,84,276,120,2
6682958,shop,81724,2569570,1192136,4,84,276,120,2
6623697,shop,184947,2570324,1194926,4,84,276,120,2
7128731,shop,100893,2570006,1193377,4,84,276,120,2
6922343,shop,467893,2568958,1191930,4,84,276,120,2
6326775,shop,55486,2567492,1196457,4,84,276,120,2
6635706,shop,100893,2570006,1193377,4,84,276,120,2
6458917,shop,640154,2569706,1192177,4,84,276,120,2
6682302,shop,180009,2574806,1191179,4,84,276,120,2
6682781,shop,184947,2570324,1194926,4,84,276,120,2
6612710,shop,620041,2568012,1191072,4,84,276,120,2
6682488,shop,301040,2569690,1192215,4,84,276,120,2
6682735,shop,170774,2568124,1190022,4,84,276,120,2
6682151,shop,98452,2575808,1190567,4,84,276,120,2
6682492,shop,100893,2570006,1193377,4,84,276,120,2
6682651,shop,447639,2569628,1192209,4,84,276,120,2
6458980,shop,336746,2562898,1184852,4,84,276,120,2
6922345,shop,86046,2569666,1192548,4,84,276,120,2
6940246,shop,335104,2623934,1216015,4,84,276,120,2
6326473,shop,485885,2569950,1192346,4,84,276,120,2
6458841,shop,139817,2577994,1207991,4,84,276,120,2
6326351,shop,339844,2569928,1192125,4,84,276,120,2
6459033,shop,182830,2571606,1186891,4,84,276,120,2
6682685,shop,504841,2569098,1192177,4,84,276,120,2
6682318,shop,39341,2562004,1186149,4,84,276,120,2
6682854,shop,9236,2579192,1180071,4,84,276,120,2
6927703,shop,432303,2564562,1195868,4,84,276,120,2
6326398,shop,166184,2565096,1193388,4,84,276,120,2
6682174,shop,504841,2569098,1192177,4,84,276,120,2
6682168,shop,398396,2536108,1157727,4,84,276,120,2
7094367,shop,185510,2570354,1194339,4,84,276,120,2
7022891,shop,53833,2577138,1191375,4,84,276,120,2
6916785,shop,86046,2569666,1192548,4,84,276,120,2
6682112,shop,227104,2566780,1178658,4,84,276,120,2
6458834,shop,65195,2587976,1176855,4,84,276,120,2
6626054,shop,56904,2571934,1189677,4,84,276,120,2
7087264,shop,336746,2562898,1184852,4,84,276,120,2
6999833,shop,591342,2575860,1197680,4,84,276,120,2
6682045,shop,339844,2569928,1192125,4,84,276,120,2
6682571,shop,81724,2569570,1192136,4,84,276,120,2
6681639,shop,564933,2570036,1192889,4,84,276,120,2
6682474,shop,113372,2567426,1190612,4,84,276,120,2
6437580,shop,81149,2562212,1185865,4,84,276,120,2
6682766,shop,55486,2567492,1196457,4,84,276,120,2
6326339,shop,130141,2561164,1191372,4,84,276,120,2
6458703,shop,664233,2565930,1189040,4,84,276,120,2
6459102,shop,71506,2574374,1184114,4,84,276,120,2
6459187,shop,504841,2569098,1192177,4,84,276,120,2
6459220,shop,107873,2561870,1193641,4,84,276,120,2
6459027,shop,81698,2575322,1182642,4,84,276,120,2
6459077,shop,132955,2560950,1185345,4,84,276,120,2
6682037,shop,97016,2567316,1206506,4,84,276,120,2
6326505,shop,53897,2524572,1158291,4,84,276,120,2
6681701,shop,86046,2569666,1192548,4,84,276,120,2
6458870,shop,128372,2569872,1192805,4,84,276,120,2
6926063,shop,593012,2578616,1183612,4,84,276,120,2
6681668,shop,616128,2568454,1174636,4,84,276,120,2
6459242,shop,450383,2574442,1185343,4,84,276,120,2
6933423,shop,564933,2570036,1192889,4,84,276,120,2
6682937,shop,81724,2569570,1192136,4,84,276,120,2
6326434,shop,504841,2569098,1192177,4,84,276,120,2
6458837,shop,234041,2575008,1195250,4,84,276,120,2
6326528,shop,595146,2578200,1183610,4,84,276,120,2
6326402,shop,288362,2567334,1189906,4,84,276,120,2
6681676,shop,234041,2575008,1195250,4,84,276,120,2
6459045,shop,238916,2597778,1199768,4,84,276,120,2
6681782,shop,505228,2568776,1199905,4,84,276,120,2
6459306,shop,299388,2574992,1213696,4,84,276,120,2
6681696,shop,485885,2569950,1192346,4,84,276,120,2
6682126,shop,296759,2574196,1174379,4,84,276,120,2
6681606,shop,168569,2571696,1189601,4,84,276,120,2
6682069,shop,447639,2569628,1192209,4,84,276,120,2
7055622,shop,299167,2578202,1184054,4,84,276,120,2
6681746,shop,81724,2569570,1192136,4,84,276,120,2
7041586,shop,527101,2576216,1190757,4,84,276,120,2
6681966,shop,86046,2569666,1192548,4,84,276,120,2
6928162,shop,289817,2578070,1204838,4,84,276,120,2
6326310,shop,463891,2580088,1184408,4,84,276,120,2
7050525,shop,100893,2570006,1193377,4,84,276,120,2
6661910,shop,616128,2568454,1174636,4,84,276,120,2
6443991,shop,485885,2569950,1192346,4,84,276,120,2
6459174,shop,475503,2586466,1200347,4,84,276,120,2
6922705,shop,56904,2571934,1189677,4,84,276,120,2
6681618,shop,100893,2570006,1193377,4,84,276,120,2
6681879,shop,453449,2564426,1192426,4,84,276,120,2
6458704,shop,245816,2567860,1191760,4,84,276,120,2
7072353,shop,170774,2568124,1190022,4,84,276,120,2
6458917,shop,301040,2569690,1192215,4,84,276,120,2
6459258,shop,339844,2569928,1192125,4,84,276,120,2
6431714,shop,128372,2569872,1192805,4,84,276,120,2
6326445,shop,518648,2566988,1172546,4,84,276,120,2
6682870,shop,294468,2595776,1201114,4,84,276,120,2
6681628,shop,170774,2568124,1190022,4,84,276,120,2
6682927,shop,301040,2569690,1192215,4,84,276,120,2
6681633,shop,271048,2567478,1190943,4,84,276,120,2
1069770,shop,168569,2571696,1189601,4,84,276,120,2
6681819,shop,453670,2581140,1191939,4,84,276,120,2
6681830,shop,504841,2569098,1192177,4,84,276,120,2
6433807,shop,355904,2568744,1201029,4,84,276,120,2
6682223,shop,72871,2561068,1191946,4,84,276,120,2
6627494,shop,620041,2568012,1191072,4,84,276,120,2
6459017,shop,339844,2569928,1192125,4,84,276,120,2
7112271,shop,430669,2571430,1186971,4,84,276,120,2
6458982,shop,245816,2567860,1191760,4,84,276,120,2
6990166,shop,623876,2577832,1183357,4,84,276,120,2
6681783,shop,485885,2569950,1192346,4,84,276,120,2
6459226,shop,339844,2569928,1192125,4,84,276,120,2
6458973,shop,504841,2569098,1192177,4,84,276,120,2
6326339,shop,72871,2561068,1191946,4,84,276,120,2
6326749,shop,515429,2569678,1192876,4,84,276,120,2
6458876,shop,339844,2569928,1192125,4,84,276,120,2
6326449,shop,92368,2572010,1195068,4,84,276,120,2
6427231,shop,554433,2569618,1192165,4,84,276,120,2
6326664,shop,81724,2569570,1192136,4,84,276,120,2
6953484,shop,339844,2569928,1192125,4,84,276,120,2
6458888,shop,504841,2569098,1192177,4,84,276,120,2
7074630,shop,56904,2571934,1189677,4,84,276,120,2
6459347,shop,178947,2573560,1195862,4,84,276,120,2
6326390,shop,526945,2575108,1201097,4,84,276,120,2
6612336,shop,301040,2569690,1192215,4,84,276,120,2
6927531,shop,411481,2565200,1193043,4,84,276,120,2
6681939,shop,170774,2568124,1190022,4,84,276,120,2
6682889,shop,438949,2568198,1191141,4,84,276,120,2
6326702,shop,106397,2689376,1252136,4,84,276,120,2
6458692,shop,86104,2561562,1186578,4,84,276,120,2
6682979,shop,57238,2598044,1252586,4,84,276,120,2
6681921,shop,100893,2570006,1193377,4,84,276,120,2
6681963,shop,170774,2568124,1190022,4,84,276,120,2
6681829,shop,184947,2570324,1194926,4,84,276,120,2
6682655,shop,170774,2568124,1190022,4,84,276,120,2
6326548,shop,477413,2524108,1147911,4,84,276,120,2
6681826,shop,180009,2574806,1191179,4,84,276,120,2
6626539,shop,238308,2561000,1186245,4,84,276,120,2
6681784,shop,467893,2568958,1191930,4,84,276,120,2
6623060,shop,86104,2561562,1186578,4,84,276,120,2
6682339,shop,370194,2570934,1186694,4,84,276,120,2
6661689,shop,118194,2566006,1189540,4,84,276,120,2
6458965,shop,344318,2571470,1186830,4,84,276,120,2
6989417,shop,166184,2565096,1193388,4,84,276,120,2
6459069,shop,86046,2569666,1192548,4,84,276,120,2
6923451,shop,128372,2569872,1192805,4,84,276,120,2
6447553,shop,170774,2568124,1190022,4,84,276,120,2
6681989,shop,547859,2557990,1185050,4,84,276,120,2
6681924,shop,86046,2569666,1192548,4,84,276,120,2
6682610,shop,515429,2569678,1192876,4,84,276,120,2
6961716,shop,458548,2580680,1187775,4,84,276,120,2
7020203,shop,150739,2562488,1185945,4,84,276,120,2
6458922,shop,390144,2581042,1187935,4,84,276,120,2
6681756,shop,448788,2561150,1190845,4,84,276,120,2
6962865,shop,387579,2578188,1183214,4,84,276,120,2
6326729,shop,245816,2567860,1191760,4,84,276,120,2
6682739,shop,168569,2571696,1189601,4,84,276,120,2
7087264,shop,288362,2567334,1189906,4,84,276,120,2
6657980,shop,504841,2569098,1192177,4,84,276,120,2
6459134,shop,321927,2570614,1194785,4,84,276,120,2
6326708,shop,530362,2612152,1198473,4,84,276,120,2
6681701,shop,192839,2561656,1186930,4,84,276,120,2
6459352,shop,339844,2569928,1192125,4,84,276,120,2
7041587,shop,515429,2569678,1192876,4,84,276,120,2
6458680,shop,600030,2567860,1196245,4,84,276,120,2
6458758,shop,50227,2684042,1252159,4,84,276,120,2
6681660,shop,336746,2562898,1184852,4,84,276,120,2
6682301,shop,442605,2560518,1172037,4,84,276,120,2
6459331,shop,301040,2569690,1192215,4,84,276,120,2
6682027,shop,245816,2567860,1191760,4,84,276,120,2
6936111,shop,49631,2575480,1197788,4,84,276,120,2
6682555,shop,291688,2558232,1211809,4,84,276,120,2
6682549,shop,245816,2567860,1191760,4,84,276,120,2
6326427,shop,184947,2570324,1194926,4,84,276,120,2
6458717,shop,100893,2570006,1193377,4,84,276,120,2
6433594,shop,467893,2568958,1191930,4,84,276,120,2
7113203,shop,320830,2571906,1194983,4,84,276,120,2
6326355,shop,99264,2580652,1202043,4,84,276,120,2
6936112,shop,271048,2567478,1190943,4,84,276,120,2
6428941,shop,81724,2569570,1192136,4,84,276,120,2
6682516,shop,600030,2567860,1196245,4,84,276,120,2
6681813,shop,504841,2569098,1192177,4,84,276,120,2
6610668,shop,504841,2569098,1192177,4,84,276,120,2
6634910,shop,565930,2569654,1192134,4,84,276,120,2
6326741,shop,100893,2570006,1193377,4,84,276,120,2
6459214,shop,632671,2574884,1195630,4,84,276,120,2
6326652,shop,330251,2567548,1190834,4,84,276,120,2
7133194,shop,419161,2600952,1197327,4,84,276,120,2
6934006,shop,245816,2567860,1191760,4,84,276,120,2
6681873,shop,355904,2568744,1201029,4,84,276,120,2
6681860,shop,245816,2567860,1191760,4,84,276,120,2
7070858,shop,170774,2568124,1190022,4,84,276,120,2
6682688,shop,603596,2578852,1180243,4,84,276,120,2
7068174,shop,272203,2569648,1192122,4,84,276,120,2
6602045,shop,507705,2575888,1178303,4,84,276,120,2
6447555,shop,467893,2568958,1191930,4,84,276,120,2
6458996,shop,458548,2580680,1187775,4,84,276,120,2
6434750,shop,246404,2578680,1182560,4,84,276,120,2
6681764,shop,289817,2578070,1204838,4,84,276,120,2
6617154,shop,467893,2568958,1191930,4,84,276,120,2
6326337,shop,92267,2602474,1230253,4,84,276,120,2
6682374,shop,339844,2569928,1192125,4,84,276,120,2
6653452,shop,467893,2568958,1191930,4,84,276,120,2
6682957,shop,95332,2601004,1199700,4,84,276,120,2
6438700,shop,60315,2573418,1194248,4,84,276,120,2
6326410,shop,86046,2569666,1192548,4,84,276,120,2
6682010,shop,664233,2565930,1189040,4,84,276,120,2
6681991,shop,505228,2568776,1199905,4,84,276,120,2
7118856,shop,441433,2567818,1190404,4,84,276,120,2
6661902,shop,170774,2568124,1190022,4,84,276,120,2
6326622,shop,315052,2579586,1180065,4,84,276,120,2
6627385,shop,86046,2569666,1192548,4,84,276,120,2
6988532,shop,168569,2571696,1189601,4,84,276,120,2
6681615,shop,564933,2570036,1192889,4,84,276,120,2
6682251,shop,447639,2569628,1192209,4,84,276,120,2
6682561,shop,438949,2568198,1191141,4,84,276,120,2
6682674,shop,504841,2569098,1192177,4,84,276,120,2
6646546,shop,339844,2569928,1192125,4,84,276,120,2
7119791,shop,46176,2576852,1187104,4,84,276,120,2
7121305,shop,171341,2579640,1193673,4,84,276,120,2
6458700,shop,515429,2569678,1192876,4,84,276,120,2
6458768,shop,467893,2568958,1191930,4,84,276,120,2
6326748,shop,241738,2566862,1222588,4,84,276,120,2
7079473,shop,467893,2568958,1191930,4,84,276,120,2
6920609,shop,113372,2567426,1190612,4,84,276,120,2
6326697,shop,205277,2619500,1240839,4,84,276,120,2
6954436,shop,355904,2568744,1201029,4,84,276,120,2
6682475,shop,168569,2571696,1189601,4,84,276,120,2
7066241,shop,463198,2566676,1187178,4,84,276,120,2
6682272,shop,128372,2569872,1192805,4,84,276,120,2
6326593,shop,488456,2581300,1202707,4,84,276,120,2
6458996,shop,272203,2569648,1192122,4,84,276,120,2
6326652,shop,620041,2568012,1191072,4,84,276,120,2
6945026,shop,81724,2569570,1192136,4,84,276,120,2
6682535,shop,504841,2569098,1192177,4,84,276,120,2
7003448,shop,129461,2568288,1196297,4,84,276,120,2
6682029,shop,238714,2586576,1222418,4,84,276,120,2
7124367,shop,504841,2569098,1192177,4,84,276,120,2
6458877,shop,96842,2573852,1186090,4,84,276,120,2
7096522,shop,245816,2567860,1191760,4,84,276,120,2
7027053,shop,81724,2569570,1192136,4,84,276,120,2
6458814,shop,300974,2576106,1190472,4,84,276,120,2
6458998,shop,564933,2570036,1192889,4,84,276,120,2
6326651,shop,518383,2572622,1195226,4,84,276,120,2
6326513,shop,449579,2595260,1197329,4,84,276,120,2
6634955,shop,339844,2569928,1192125,4,84,276,120,2
6459294,shop,339844,2569928,1192125,4,84,276,120,2
6430112,shop,172736,2558550,1185110,4,84,276,120,2
6459017,shop,339844,2569928,1192125,4,84,276,120,2
6430248,shop,100893,2570006,1193377,4,84,276,120,2
6458799,shop,504841,2569098,1192177,4,84,276,120,2
6459225,shop,321927,2570614,1194785,4,84,276,120,2
6682714,shop,564933,2570036,1192889,4,84,276,120,2
7029276,shop,245816,2567860,1191760,4,84,276,120,2
6682967,shop,339844,2569928,1192125,4,84,276,120,2
6459211,shop,7695,2574438,1200482,4,84,276,120,2
7034710,shop,357656,2584774,1194393,4,84,276,120,2
6682378,shop,515429,2569678,1192876,4,84,276,120,2
6681646,shop,170774,2568124,1190022,4,84,276,120,2
6682793,shop,339844,2569928,1192125,4,84,276,120,2
6653535,shop,36379,2565800,1189076,4,84,276,120,2
7087596,shop,441433,2567818,1190404,4,84,276,120,2
6976226,shop,185510,2570354,1194339,4,84,276,120,2
6681651,shop,271048,2567478,1190943,4,84,276,120,2
6431504,shop,339844,2569928,1192125,4,84,276,120,2
6682976,shop,293156,2563234,1206035,4,84,276,120,2
7097932,shop,98803,2575362,1197549,4,84,276,120,2
6682765,shop,245816,2567860,1191760,4,84,276,120,2
6459036,shop,215604,2562518,1185199,4,84,276,120,2
6603048,shop,100893,2570006,1193377,4,84,276,120,2
6681764,shop,289817,2578070,1204838,4,84,276,120,2
6326599,shop,185510,2570354,1194339,4,84,276,120,2
6430831,shop,38886,2577780,1183461,4,84,276,120,2
6682027,shop,441433,2567818,1190404,4,84,276,120,2
6682627,shop,656293,2547858,1192180,4,84,276,120,2
7015213,shop,504841,2569098,1192177,4,84,276,120,2
6326560,shop,86046,2569666,1192548,4,84,276,120,2
6682466,shop,170774,2568124,1190022,4,84,276,120,2
7042974,shop,46176,2576852,1187104,4,84,276,120,2
6682651,shop,447639,2569628,1192209,4,84,276,120,2
6944558,shop,515429,2569678,1192876,4,84,276,120,2
7055753,shop,504841,2569098,1192177,4,84,276,120,2
6682804,shop,135930,2571066,1207089,4,84,276,120,2
7041587,shop,504841,2569098,1192177,4,84,276,120,2
6326580,shop,86046,2569666,1192548,4,84,276,120,2
6986383,shop,504841,2569098,1192177,4,84,276,120,2
6655365,shop,504841,2569098,1192177,4,84,276,120,2
6602045,shop,485885,2569950,1192346,4,84,276,120,2
6681810,shop,167282,2578820,1180577,4,84,276,120,2
6925592,shop,301040,2569690,1192215,4,84,276,120,2
6682657,shop,245816,2567860,1191760,4,84,276,120,2
6459076,shop,168569,2571696,1189601,4,84,276,120,2
7084666,shop,629430,2575568,1201612,4,84,276,120,2
6326726,shop,463198,2566676,1187178,4,84,276,120,2
6682254,shop,301040,2569690,1192215,4,84,276,120,2
6326616,shop,433216,2576302,1185250,4,84,276,120,2
6681873,shop,270037,2568088,1200573,4,84,276,120,2
6326571,shop,288362,2567334,1189906,4,84,276,120,2
7127410,shop,170774,2568124,1190022,4,84,276,120,2
6920426,shop,339844,2569928,1192125,4,84,276,120,2
6458844,shop,156563,2585854,1148665,4,84,276,120,2
6459047,shop,245816,2567860,1191760,4,84,276,120,2
7105779,shop,170774,2568124,1190022,4,84,276,120,2
6682622,shop,98452,2575808,1190567,4,84,276,120,2
6458817,shop,245816,2567860,1191760,4,84,276,120,2
6988257,shop,178947,2573560,1195862,4,84,276,120,2
7044024,shop,269331,2571654,1199937,4,84,276,120,2
6439848,shop,272203,2569648,1192122,4,84,276,120,2
6601019,shop,100893,2570006,1193377,4,84,276,120,2
6459017,shop,663632,2564678,1206783,4,84,276,120,2
6681794,shop,184947,2570324,1194926,4,84,276,120,2
6326601,shop,173033,2575866,1191100,4,84,276,120,2
6681570,shop,432303,2564562,1195868,4,84,276,120,2
6639925,shop,504841,2569098,1192177,4,84,276,120,2
6459320,shop,290805,2574866,1197027,4,84,276,120,2
6634822,shop,432303,2564562,1195868,4,84,276,120,2
6681962,shop,632671,2574884,1195630,4,84,276,120,2
6935629,shop,354050,2568320,1196517,4,84,276,120,2
6999831,shop,592979,2568600,1183700,4,84,276,120,2
6653452,shop,467893,2568958,1191930,4,84,276,120,2
6653325,shop,555851,2565030,1193329,4,84,276,120,2
6682644,shop,370870,2538114,1183365,4,84,276,120,2
6326637,shop,542392,2577360,1182867,4,84,276,120,2
6938100,shop,128372,2569872,1192805,4,84,276,120,2
6682268,shop,213042,2577140,1184517,4,84,276,120,2
6435990,shop,115142,2580716,1200655,4,84,276,120,2
6644477,shop,467893,2568958,1191930,4,84,276,120,2
7035894,shop,485885,2569950,1192346,4,84,276,120,2
6681917,shop,355904,2568744,1201029,4,84,276,120,2
6682389,shop,467893,2568958,1191930,4,84,276,120,2
6458745,shop,167380,2562880,1186365,4,84,276,120,2
6458899,shop,17813,2600502,1215614,4,84,276,120,2
7019979,shop,180009,2574806,1191179,4,84,276,120,2
6459307,shop,86046,2569666,1192548,4,84,276,120,2
6459065,shop,229738,2617190,1220579,4,84,276,120,2
6326401,shop,168569,2571696,1189601,4,84,276,120,2
6934156,shop,354050,2568320,1196517,4,84,276,120,2
6682245,shop,86046,2569666,1192548,4,84,276,120,2
6978011,shop,504841,2569098,1192177,4,84,276,120,2
6682396,shop,620041,2568012,1191072,4,84,276,120,2
6682640,shop,94734,2567524,1190670,4,84,276,120,2
6459286,shop,592979,2568600,1183700,4,84,276,120,2
6682612,shop,288362,2567334,1189906,4,84,276,120,2
6681918,shop,640154,2569706,1192177,4,84,276,120,2
